,US,India,France,Germany,Brazil,"Korea, South",United Kingdom,Italy,Japan,Russia,Turkey,Spain,Vietnam,Australia,Argentina,Netherlands,Iran,Taiwan*,Mexico,Indonesia
1,21746,8821,0,213,31677,49,1470,318,51,8858,786,294,0,8,904,87,3117,0,3891,609
2,22303,9633,0,342,26085,39,1348,321,29,8529,867,394,0,11,949,210,3134,0,3912,684
3,25555,9889,4360,394,31954,39,1238,177,44,8823,988,334,0,7,929,210,3574,0,4442,585
4,24136,9471,581,507,32101,51,1111,518,47,8718,930,318,0,5,840,183,2886,0,4346,703
5,18953,10438,572,407,23790,57,792,270,46,8846,878,332,1,7,983,239,2269,0,3593,993
6,21095,10864,341,301,17988,38,718,197,38,8971,914,240,2,6,774,165,2364,0,3484,672
7,24628,8442,274,214,17338,38,1095,280,21,8970,989,167,1,2,826,164,2043,0,2999,847
8,27079,10218,553,350,31698,50,1158,283,45,8587,993,249,0,7,1141,184,2095,0,4199,1043
9,28238,10459,625,318,33790,45,1188,202,36,8393,922,314,0,11,1226,165,2011,0,4883,1240
10,30996,10930,364,555,28692,56,1007,379,44,8777,987,427,0,4,1386,210,2218,0,4790,979
11,31866,11458,801,258,24282,48,1054,163,61,8961,1195,502,1,5,1391,179,2369,0,5222,1111
12,25859,11929,497,348,21230,34,888,346,45,8697,1459,396,1,26,1531,143,2430,0,3494,1014
13,29989,11502,390,247,16794,36,807,338,75,8809,1562,323,0,15,1282,165,2472,0,4147,857
14,38829,10667,136,192,24617,34,1028,301,72,8217,1592,181,0,12,1208,139,2449,2,3427,1017
15,36279,10974,663,378,36983,43,1083,210,42,8241,1467,219,0,23,1374,118,2563,0,4599,1106
16,39357,12881,489,345,30925,59,1000,328,46,7824,1429,355,1,21,1393,115,2612,0,4930,1031
17,49086,13586,586,580,25520,49,1020,331,69,7772,1304,585,7,18,1958,107,2596,1,5662,1331
18,40833,14516,787,770,56059,67,986,0,61,7971,1214,307,7,2,2060,76,2615,0,5030,1041
19,42918,15403,619,601,63523,48,666,264,64,7870,1248,363,0,50,1634,91,2322,0,4717,1226
20,41518,14831,343,687,0,17,624,224,55,7717,1192,334,0,13,1581,65,2368,0,5343,862
21,50056,14933,142,537,28192,46,892,221,43,7586,1212,232,0,18,2146,64,2573,0,4577,954
22,49330,15968,698,503,39527,51,882,113,57,7413,1268,248,0,29,2272,82,2445,0,6288,1051
23,55084,16922,268,587,41033,28,776,577,96,7165,1492,334,3,37,2648,110,2531,0,5437,1113
24,51658,17296,255,630,41464,39,697,296,82,7105,1458,400,0,37,2606,91,2595,1,6104,1178
25,46024,18552,1263,477,44884,51,641,255,105,6788,1396,419,1,6,2886,69,2628,0,5441,1240
26,53950,19906,448,687,36920,62,634,175,92,6843,1372,564,2,85,2401,73,2456,0,4410,1385
27,43632,19459,0,256,32883,42,407,174,113,6784,1356,301,0,78,2189,76,2489,0,4050,1198
28,57413,18522,645,262,21550,43,620,126,110,6683,1374,200,0,70,2335,52,2536,0,3805,1082
29,60504,18641,442,498,39680,50,404,142,138,6683,1293,301,0,86,2262,62,2457,0,5432,1293
30,59832,19160,990,466,46825,54,63,182,127,6550,1192,388,0,81,2667,77,2549,0,5681,1385
31,68522,20903,539,503,44401,63,6,201,194,6752,1186,444,0,65,2744,76,2652,1,6741,1624
32,60441,22771,539,446,43040,63,502,223,250,6710,1172,442,0,194,2845,61,2566,1,6740,1301
33,60220,24850,358,422,33567,61,625,235,274,6623,1154,0,0,183,2590,75,2449,0,6914,1447
34,59625,24248,12,239,25193,46,519,192,208,6719,1148,0,0,140,2439,36,2560,0,4683,1607
35,65757,22251,1018,219,24454,44,353,208,176,6569,1086,1244,14,172,2632,37,2613,0,4902,1209
36,66299,22753,454,390,46699,63,584,137,208,6363,1053,341,0,131,2979,52,2637,0,6258,1268
37,70774,24879,822,397,45250,49,642,193,207,6534,1041,383,0,170,3604,52,2691,0,6995,1853
38,66422,26506,444,442,42962,45,643,214,355,6491,1024,543,0,318,3663,44,2079,0,7280,2657
39,64325,27114,715,395,44311,35,524,276,430,6623,1003,852,1,179,3367,81,2262,0,6891,1611
40,58993,28606,251,378,34947,44,826,188,386,6586,1016,0,0,244,3449,101,2397,2,6094,1671
41,60856,28732,16,248,23658,62,650,234,407,6587,1012,0,2,183,2657,71,2186,0,4482,1681
42,68295,28498,1423,159,22893,33,533,169,259,6511,1008,2045,1,271,3099,53,2349,0,4685,1282
43,67450,29429,62,412,42922,39,1244,114,333,6240,992,666,0,236,3645,107,2521,0,7051,1591
44,67767,32676,727,351,40142,61,538,162,450,6410,947,875,8,323,4236,102,2388,0,6149,1522
45,74949,34975,569,534,43683,60,645,230,624,6415,933,1361,0,423,3637,105,2500,0,6406,1574
46,63755,35252,826,583,34618,39,687,231,597,6389,926,1400,1,208,4518,134,2379,0,7257,1462
47,55631,38697,165,529,25753,34,831,249,661,6214,918,0,0,361,3223,144,2166,0,7615,1752
48,59997,40425,4,202,23412,26,726,218,511,6096,924,0,1,267,4231,187,2182,0,5311,1639
49,64564,37132,1911,249,22753,45,586,190,418,5901,931,4581,1,359,4019,165,2414,0,5172,1693
50,64052,37740,595,522,46927,63,445,128,632,5828,928,1358,17,466,5344,170,2625,0,6859,1655
51,69204,45720,921,454,66150,59,563,280,795,5850,902,1357,7,408,5782,163,2586,4,6019,1882
52,64375,49310,1236,569,57326,41,779,306,981,5830,913,2615,4,293,6127,193,2621,0,8438,1906
53,57424,48916,1091,815,56903,113,768,252,779,5779,937,2255,3,355,5493,143,2489,3,7573,1761
54,46889,48611,84,781,47535,58,770,274,801,5833,921,0,2,453,4814,283,2316,0,6751,1868
55,41896,49981,4,305,22673,25,751,254,839,5741,927,0,3,532,4192,167,2333,0,5480,1492
56,61621,44457,2488,340,28011,28,688,168,600,5607,919,6361,11,368,4890,223,2434,4,4973,1525
57,54137,51596,564,633,54004,48,550,202,985,5380,963,1828,15,279,5939,247,2667,5,7208,1748
58,60036,50294,1470,684,55451,18,804,288,1270,5449,942,2031,13,716,5641,343,2636,0,5752,2381
59,60441,52783,1394,902,58055,36,848,382,1308,5484,967,2789,50,605,6377,350,2621,0,7730,1904
60,63767,61242,1303,870,53264,31,883,379,1586,5468,982,3092,49,377,5929,434,2674,0,8458,2040
61,54163,54735,62,955,41541,30,769,295,1534,5429,996,0,32,615,5241,366,2548,7,9556,1560
62,51637,52972,3,240,24066,23,747,238,1331,5387,987,0,31,423,5376,393,2685,1,4853,1519
63,56876,52050,3361,509,20106,34,939,159,965,5364,995,8532,31,412,4824,491,2598,0,4767,1679
64,55222,52509,971,879,56283,33,671,190,1246,5121,1083,5760,20,715,6792,434,2751,2,6148,1922
65,51446,56282,1708,741,56169,43,908,384,1355,5186,1178,2953,45,445,7147,646,2697,0,6139,1815
66,70072,62538,1601,1045,53989,20,963,401,1485,5239,1153,4088,33,382,7513,633,2634,1,6590,1882
67,52325,61537,2387,1147,49403,43,901,552,1605,5191,1185,4507,39,426,7482,619,2450,0,6717,2473
68,34577,64399,70,1122,46389,36,766,347,1571,5185,1172,0,23,386,6134,691,2125,2,6495,2277
69,37997,62064,6,555,22730,28,1113,463,1441,5155,1182,0,29,313,4688,696,2020,0,4376,1893
70,44975,53601,4760,436,26506,34,818,259,838,5081,1193,8618,6,316,7369,298,2132,0,5558,1687
71,45915,60963,1408,966,50520,54,1150,412,697,4892,1183,3632,19,414,7043,1306,2345,3,6686,1693
72,45135,66999,2604,1226,54954,56,1035,476,979,5054,1212,3172,17,231,7663,701,2510,1,5858,1942
73,47900,64553,2670,1445,60713,103,1150,522,1172,5017,1243,7550,28,384,7498,747,2625,0,7371,2098
74,45271,64732,2914,1449,49407,166,1459,574,1356,5016,1226,5479,19,293,6365,740,2501,0,5618,2307
75,31903,64030,3210,1415,36881,279,1045,629,1231,5030,1256,0,21,252,6663,614,2245,1,6345,2345
76,34091,57711,3020,625,23006,197,1113,477,1017,4911,1192,0,13,271,5469,554,2133,2,4448,2081
77,42562,55018,635,561,24397,246,719,320,647,4839,1233,16269,19,215,4557,519,2247,1,3571,1821
78,42192,64572,2119,1390,49264,297,1115,401,916,4718,1263,5114,6,216,6840,643,2385,1,5506,1673
79,50437,69672,3787,1510,48603,288,828,642,1070,4790,1303,6671,5,247,6693,635,2444,0,5792,1902
80,46320,68900,4800,1707,42974,324,1196,840,1178,4767,1412,7039,13,171,8225,631,2279,0,6775,2266
81,43071,69876,4954,1427,32326,332,1061,947,1037,4838,1203,8148,2,195,8159,586,2206,1,5928,2197
82,34168,69239,3474,2034,45908,397,1332,1071,984,4860,1309,0,5,209,7759,544,2028,0,6482,2090
83,33526,61408,4735,782,21873,266,1050,1209,744,4797,1217,0,2,104,5352,636,2113,0,3948,2037
84,41969,60975,1976,711,23513,280,975,953,493,4688,1443,19382,6,138,8713,495,2245,0,3541,1877
85,40118,57224,3593,1278,46307,320,1197,876,715,4639,1502,7117,7,151,8771,615,2213,0,4916,2447
86,45211,85687,287,1576,48152,441,1146,1366,903,4642,1313,7296,5,118,10550,638,2243,0,5267,2306
87,48659,77266,11226,1507,42260,371,1544,1409,863,4675,1491,9658,2,126,10104,599,2190,0,6026,2719
88,43238,76472,7625,1571,44088,323,1297,1460,876,4758,1517,9779,2,99,11717,567,2115,0,5824,3003
89,29078,78761,5460,1479,37291,299,1111,1444,844,4843,1549,0,2,123,9230,578,1905,1,5974,3308
90,24702,78512,5382,785,14534,248,1754,1365,600,4897,1482,0,0,76,7187,570,1754,0,4129,2858
91,27103,69921,3113,610,50225,235,1415,996,436,4932,1587,23572,4,73,9309,488,1642,0,3719,2743
92,33851,78357,5104,1218,44329,267,1327,975,633,4670,1572,8115,0,104,10504,842,1682,0,6476,2775
93,39622,83883,7087,1256,46453,195,1515,1326,592,4893,1596,8581,2,126,10933,725,1858,1,4921,3075
94,44825,83341,7122,1311,46809,198,1780,1397,657,4958,1642,8959,0,87,12026,839,1994,0,5937,3622
95,45615,86432,8860,1453,39539,168,1982,1732,587,5064,1612,10476,3,71,10684,727,2026,1,6196,3269
96,40308,90632,8594,1378,33857,167,1827,1694,598,5144,1673,0,0,71,9924,1005,1894,2,6319,3128
97,32901,90802,7016,988,14672,119,2992,1296,451,5097,1578,0,0,43,6986,822,1992,1,4614,3444
98,37439,75809,4266,814,9516,136,2951,1150,291,5106,1703,26560,0,52,9215,1012,2152,1,3486,2880
99,38349,89706,6738,1499,18786,156,2482,1369,509,5020,1761,8964,5,92,12027,1266,2302,1,5351,3046
100,45441,95735,8599,1176,37087,155,2679,1430,508,5172,1673,8866,5,59,12259,976,2313,0,4461,3307
101,50227,96551,9762,1892,40761,176,2934,1597,712,5310,1512,10764,0,40,11905,1378,2063,1,5043,3861
102,45655,97570,9529,1484,41533,136,3543,1616,642,5421,1671,12183,1,43,11507,1315,2313,2,5935,3737
103,41605,94372,11337,1630,30800,121,3505,1501,646,5406,1509,0,0,44,10776,1195,2139,0,5674,3806
104,32260,92071,6345,948,14020,109,3339,1456,439,5361,1527,0,3,41,9056,1380,2089,0,4408,3636
105,38308,83809,6320,927,20611,106,2627,1008,266,5414,1716,27404,0,47,9909,1397,2619,1,3335,3141
106,41230,90123,7826,1407,34552,113,3110,1229,531,5435,1742,9437,0,39,11892,1642,2705,0,4771,3507
107,48997,97894,10267,1901,37297,153,4009,1452,551,5612,1771,11193,0,35,11674,1963,2981,1,4444,3963
108,47626,96424,10239,2194,36405,126,3408,1583,489,5667,1648,11291,3,48,12701,2058,2815,3,3182,3635
109,43890,93337,13233,1916,39731,110,4331,1907,572,5803,1771,14389,2,24,11945,1996,3049,0,4841,3891
110,33707,92605,13560,2297,29558,82,4430,1637,596,5960,1538,0,0,13,9276,1873,2845,3,5167,4168
111,36571,86961,10536,1345,15442,70,3901,1587,480,6043,1519,0,0,14,8431,2329,3097,1,3542,3989
112,42290,75083,5539,922,17635,61,4373,1350,310,6090,1743,31428,0,30,8782,2302,3341,2,2917,4176
113,38916,83347,10084,1821,34967,110,4937,1391,331,6109,1692,10799,0,30,12027,2465,3712,0,4683,4071
114,46362,86508,13232,1769,32726,125,6187,1640,219,6330,1767,11289,1,8,12625,2647,3605,0,4786,4465
115,53547,86052,15909,2143,32015,114,6645,1786,482,6489,1721,10653,0,20,13467,2828,3521,0,5408,4634
116,49380,85362,16104,2153,32310,61,6877,1912,573,7112,1665,12272,0,16,12969,2795,3563,1,5401,4823
117,33370,88600,14220,2507,24718,95,6050,1869,639,7421,1511,0,0,24,11249,3042,3204,0,5573,4494
118,37947,82170,10635,1410,13787,50,5705,1766,485,7764,1467,0,5,4,8841,2960,3362,0,3886,3874
119,45021,70589,4299,1192,16871,38,4049,1494,302,8026,1412,31785,3,11,11807,3047,3512,3,3400,3509
120,49467,80472,8005,2089,32848,113,7157,1647,527,8129,1427,0,17,23,13477,3394,3677,0,4446,4002
121,58213,86821,14366,1798,32901,77,7119,1850,576,8371,1391,20922,0,18,14392,3326,3582,1,5053,4284
122,55331,81484,13025,2503,35783,63,6933,2548,633,8835,1407,9419,1,13,14001,3868,3825,1,5099,4174
123,55254,79476,12436,2673,32818,75,6988,2499,542,9294,1442,11325,1,12,14687,4025,3552,2,4775,4317
124,46880,75829,16514,2563,23008,64,12884,2843,574,9735,1502,0,0,14,11129,4064,3523,0,4863,4007
125,42955,74442,12504,2279,8715,73,22969,2578,400,10376,1429,0,0,13,7668,4608,3653,0,3712,3992
126,50596,61267,5639,1382,26053,75,12597,2257,279,10757,1603,23480,1,25,11242,4560,3902,1,28115,3622
127,59171,72049,11310,2639,31526,114,14552,2677,500,11481,1511,11998,1,8,14740,5037,4151,3,4828,4056
128,63862,78524,18953,2828,30938,69,14176,3677,506,10981,1581,10491,1,25,16447,5885,4019,2,4580,4538
129,70310,70496,17402,4058,26830,54,17554,4458,627,11345,1615,12423,1,20,15454,6016,4392,1,5300,4850
130,54850,73272,21031,4516,27733,72,13892,5372,603,11969,1629,12788,5,18,15099,6544,4142,3,5532,4094
131,52294,74383,26677,4721,23744,58,15177,5724,678,12673,1649,0,2,19,12414,6420,3875,0,4308,4294
132,68737,66732,15994,3483,12191,97,12891,5456,436,13442,1502,0,2,22,10324,6866,3822,0,3175,4497
133,62571,55342,9212,2467,8636,102,13983,4619,278,13406,1614,27856,1,25,9524,7383,4206,2,3542,3267
134,61425,63509,13626,4122,13359,84,17249,5898,498,13690,1632,7118,3,27,13305,7362,4108,1,4295,3906
135,80216,67708,22965,5132,27844,99,19762,7332,552,14041,1671,11970,9,20,14932,7855,4830,0,4056,4127
136,82132,63371,29757,6638,30426,47,18998,8803,708,13556,1693,13318,2,14,17096,8050,4616,1,5514,4411
137,78099,62212,25634,7334,28596,73,15658,10009,639,14937,1812,15186,0,7,16546,8152,4552,4,6751,4301
138,60377,61871,32139,7830,20776,91,16188,10925,623,14703,1723,0,2,12,13510,8217,4103,0,5447,4301
139,64470,55722,29837,5587,12051,76,16994,11705,430,14804,1815,0,8,9,10561,8043,3890,0,4119,4105
140,78977,46790,14290,4325,16579,58,18821,9337,316,15843,2026,37889,6,6,12982,8187,4251,5,3699,3373
141,88388,54044,20376,6868,23766,91,21371,10871,481,16108,1894,13873,1,38,16337,8772,5039,3,5788,3602
142,92679,55839,27410,7595,25856,119,26705,15199,615,15444,2013,16973,3,15,18326,9324,5616,1,6845,4267
143,100499,54366,40813,11287,24764,155,21255,16078,616,15704,2102,20986,4,18,16325,10035,5471,4,6612,4432
144,86772,53370,42849,11242,30001,77,20556,19143,745,17077,2165,19851,0,19,15718,8684,6134,0,6604,4369
145,78138,50129,45265,14714,24984,61,23042,19640,726,16260,2091,0,12,18,11968,10234,5814,2,6025,4070
146,83938,45148,6616,11176,12254,119,19804,21273,493,16392,2017,0,8,12,9253,10378,6191,0,4360,3732
147,126902,36470,73010,8685,18611,88,20905,17007,410,17148,2198,52188,1,14,11712,10314,5960,0,4166,3222
148,102069,43893,34458,11409,29982,103,22904,21989,646,16342,2209,18418,3,14,14308,8131,6968,0,5942,3520
149,130032,49881,37550,14964,28351,125,24714,24988,731,15886,2305,19765,1,12,13924,10318,6824,0,5595,4029
150,129127,48648,46636,16774,26700,114,23080,26829,808,17418,2319,23580,4,14,13267,11176,8293,3,5948,3565
151,127222,48268,49474,18681,24353,126,24418,31079,774,17987,2322,25595,0,6,13379,9857,8011,1,6000,2897
152,119368,46963,35101,19059,13170,124,21921,31756,877,17834,2213,0,3,10,9745,8718,7820,1,6151,3143
153,119525,45231,46179,14177,10188,97,23268,29905,613,18381,2106,0,0,6,6609,8314,7719,3,4430,2696
154,139101,38310,106091,12097,8249,75,18973,22253,487,18017,2302,55019,12,9,9598,7769,8289,5,3763,2618
155,149559,46253,72601,15352,14582,118,20048,28241,865,18431,2343,18669,10,12,12145,7667,8932,4,5250,2973
156,159643,50210,0,17214,23316,125,25202,30548,624,19483,2391,25042,1,8,10652,7012,8452,1,5225,3356
157,178761,47638,57820,19990,23845,145,24166,34502,1048,19116,2311,21908,4,14,11100,7269,8772,1,5567,4065
158,162957,50356,60952,21506,20200,89,23319,37802,1143,20368,2436,22516,5,8,11786,6709,8864,4,5931,3778
159,138514,45674,86655,23399,17744,143,24998,39809,1333,20109,2483,0,1,6,8037,5708,9450,0,6810,4262
160,155737,45903,38562,16017,10502,126,20596,32614,950,20248,2516,0,0,7,5331,4715,9236,4,5887,3880
161,167352,38073,21424,13363,13414,100,21375,25269,780,21577,2576,52386,2,4,8317,4684,10463,1,4960,2853
162,173416,44281,22613,15332,46424,146,20433,35090,1283,20765,2529,0,11,2,11977,5464,10339,2,5746,3779
163,191967,47905,36406,18487,26247,143,23001,32961,1544,19583,2693,36491,26,4,10880,5696,11780,4,7646,3770
164,201085,44879,32558,21866,33919,191,33517,37977,1659,21333,2841,19511,1,1,11163,6137,11517,5,5658,4173
165,177604,44684,24135,23542,38718,205,27330,40902,1704,21717,3045,21371,3,6,11859,5980,11737,8,5558,5444
166,145235,41100,31957,22461,26278,208,26893,37249,1735,22441,3116,0,9,29,8468,5467,11203,3,5860,5272
167,184286,30548,27192,16947,13906,223,24990,33977,1439,22313,3223,0,16,38,5645,4877,12543,2,3269,4106
168,174968,29163,10050,10824,15744,229,21387,27352,950,22562,3316,38273,2,9,7893,4348,13053,1,2874,3535
169,181251,38617,45603,14419,35490,313,20071,32191,1700,22201,3819,13159,5,19,10621,4675,13352,2,1757,3807
170,112911,45576,28844,17561,34752,343,19632,34280,2194,20717,4215,15318,12,8,10332,5731,13421,2,3918,4265
171,215202,45882,20789,22609,35862,363,22932,36176,2385,23337,4542,16233,4,7,10097,6029,13223,2,4472,4798
172,167489,46232,23264,23648,38770,386,20284,37239,2421,24059,5103,15156,1,14,9608,6145,13260,2,6426,4792
173,139673,45209,17670,22964,30222,330,19922,34764,2592,24538,5532,0,1,15,7140,5489,12931,0,6719,4998
174,158531,44059,13130,15741,17926,271,18680,28337,2159,24295,6017,0,1,13,4184,5255,13053,6,9187,4360
175,198831,37975,5062,10864,18158,349,15473,22927,1518,24891,6713,25886,5,9,4265,3964,12460,1,7483,4442
176,197016,44376,9921,13554,34533,382,11321,23227,1229,24087,7381,12228,4,10,7164,4985,13721,0,10794,4192
177,219423,44489,16755,18633,44628,583,18247,25852,1942,23393,6814,10222,5,12,8593,4615,13843,5,10335,5534
178,235134,43082,13001,22268,40885,569,17564,29001,2500,25195,36008,12289,10,8,9043,5878,13961,2,8107,4917
179,219923,41322,12774,22806,33508,488,14784,28342,2531,27267,44506,10853,8,13,7846,4599,14051,14,12081,5828
180,178131,41810,12477,21695,51485,449,15916,26315,2675,26809,30103,0,2,6,6098,5720,13402,9,10728,5418
181,196241,38772,9763,14611,21012,377,12194,20646,2062,26390,29281,0,2,10,5432,4680,12950,3,5668,6267
182,227499,31118,4307,11169,23695,451,12375,16376,1436,26046,31219,19979,4,10,5726,4071,13321,24,6472,4617
183,215735,36604,8443,13604,51985,511,13486,19347,2033,26126,30110,8257,4,11,8037,5075,13881,4,8819,5092
184,235777,35551,14228,17270,48475,540,16208,20709,2432,25043,31923,9331,7,16,7533,5794,13621,6,11251,5533
185,236902,36595,12787,22046,50139,629,14925,23219,2517,27829,32381,10127,3,10,7629,6012,13922,1,11030,8369
186,222756,36652,11511,23449,47671,583,16381,24110,2452,27078,32736,8745,0,7,6899,6705,13341,4,12127,5803
187,190642,36011,12882,23318,40282,631,15616,21052,2508,28450,31896,0,4,9,5201,6934,12151,4,11625,6027
188,210361,32981,10949,17767,26430,615,17344,18887,2038,28701,30402,0,1,7,3278,7200,11561,22,7455,6089
189,227221,26567,3411,12332,27024,594,14766,13679,1531,27798,32137,17681,1,15,3199,6201,10827,0,6399,5754
190,234143,32080,14044,14054,47796,677,12416,14837,2176,25752,33198,0,10,6,3610,6629,11023,2,11006,5292
191,239174,31521,14675,20815,54591,666,16623,12755,2810,25838,31712,9773,4,7,5303,8838,10223,2,11974,6058
192,246440,29373,13872,23679,53550,688,21078,16998,2969,27562,823225,7955,4,11,6994,8948,10403,4,11897,6033
193,205025,30031,13489,29875,52550,950,21759,18726,2795,28206,32106,10519,6,14,7112,9221,9384,1,12253,6310
194,186169,30254,13947,28438,42324,1030,21545,19902,3037,27729,29136,0,4,5,5274,9982,8411,8,12057,6388
195,197425,27071,11533,20200,22029,718,18527,17937,2383,27651,26919,0,2,7,3558,8510,7451,3,8608,6189
196,205790,22065,3192,16362,27380,880,20372,12025,1681,26902,29617,21309,5,11,5062,6694,7501,4,5930,5489
197,220787,26382,11725,14432,48032,1078,18598,14839,2426,26265,32102,10328,3,12,6981,11252,7704,2,11228,6120
198,211595,24010,17720,27728,66124,1011,25262,17568,2996,26074,29718,11078,0,12,6843,12881,7603,7,10297,6725
199,125524,22890,18398,26923,68699,1062,35495,18233,3209,27787,27515,12131,2,21,7326,12023,7453,8,11799,7354
200,217968,25152,15875,33777,52853,1055,28668,15401,2837,28116,26410,11815,3,33,7002,12310,7121,2,12248,6689
201,136183,26624,17428,31300,48242,1095,27212,16305,2989,27772,22195,0,1,42,5795,13098,6421,4,12129,7751
202,174633,24337,12858,22771,24484,926,36106,15102,2491,28510,20316,0,2,30,4116,11208,6312,3,6870,6982
203,206841,19556,5960,16643,27645,869,33446,10869,1811,28917,19103,22013,1,21,5853,9860,6151,0,5370,6848
204,218748,23950,11861,19528,56665,1090,37009,13316,2694,28340,19256,10654,6,18,8141,10467,6208,4,12511,6347
205,313926,24712,14986,24740,45679,983,39359,13908,3276,26814,19650,12386,1,25,8586,11584,6261,6,11653,7514
206,177520,23067,21718,32195,58211,1237,39186,18039,3746,29499,18102,12662,11,12,0,11579,6178,0,12485,7199
207,272624,22273,20262,0,21183,1132,32869,19037,3832,28595,17543,0,7,23,10689,9906,6021,4,9679,7259
208,203213,18732,3093,39988,17533,970,34837,10405,3885,28833,15118,0,1,11,3713,9101,5760,3,4974,6740
209,186733,20021,8867,13755,17614,808,32436,8937,2944,27849,14205,0,1,29,5030,7437,5502,2,6217,6528
210,232142,16432,3106,10976,27437,1045,41447,8581,2397,27363,15197,24462,10,12,7216,7545,5908,8,5996,5854
211,259715,20549,11494,12892,56371,1048,53287,11210,3627,26588,15805,14089,3,32,11650,9488,6108,2,12099,7903
212,285063,21822,26514,22459,55600,967,50238,16202,3871,26095,15692,16716,2,24,11765,9816,6272,2,12406,8002
213,302860,20035,20002,32552,54469,1029,56007,23477,4532,27329,14380,18047,9,20,11586,8292,6389,2,12159,8074
214,263504,19079,19358,0,22939,824,53484,22210,3256,26613,12203,0,9,35,4080,8652,6287,3,11091,8072
215,209946,18177,3466,35614,15353,651,57877,11825,3071,25938,11180,0,8,24,5240,7430,6045,6,6359,7203
216,204502,16504,12491,10315,17190,1020,55116,14245,3166,23845,9877,0,12,20,5884,6618,5960,4,5211,6877
217,222416,16375,4084,9847,25039,715,58919,10798,3343,23015,13695,30579,3,13,8222,6389,6073,3,6464,6753
218,228675,18088,20833,11897,58083,839,61093,15375,4949,23955,14494,23700,7,19,13790,7267,6113,2,11271,7445
219,234924,20346,25186,21237,62507,868,62554,20326,6049,23902,13830,0,1,10,13441,9766,6283,2,13345,8854
220,244336,18139,21767,26391,87969,672,52798,18416,7642,23218,12171,42360,4,25,13835,8242,6360,3,13734,9321
221,216982,0,19860,31849,59586,641,68196,17529,7957,23330,11479,25456,3,11,13346,7455,6251,3,14362,10617
222,176165,36867,20177,24694,51393,665,60075,19976,7854,23012,9537,0,1,13,11057,6671,5924,3,16105,10046
223,141284,16311,15944,16946,29027,450,55020,18625,6108,22540,9138,0,1,19,7808,5459,5968,0,10003,9640
224,157014,12584,3816,12497,30747,537,46298,12530,4906,23018,10220,61422,1,20,8704,4924,6208,6,7594,8692
225,187668,15968,19757,12802,64424,561,45656,14242,4597,22657,9809,25438,5,16,13783,6191,6408,4,14395,10047
226,192027,16946,23932,19600,59827,516,47663,15773,5917,22544,9554,38869,1,10,12725,6577,6317,4,15873,11278
227,191356,15590,21335,25164,68329,513,48801,17243,6656,24303,8962,35878,10,9,13286,6109,6471,0,16468,11557
228,177339,15158,21317,22368,69097,579,55886,16144,7173,24294,8314,40197,5,20,12332,5333,6485,1,21366,12818
229,139795,15144,21409,18678,58445,520,41437,16310,7042,23670,7550,0,1,19,8932,5662,6100,8,20523,14224
230,129973,13788,16642,13882,31416,389,38674,12544,5760,23178,6436,0,0,13,7264,4799,6016,4,11170,11287
231,151294,10050,3798,7141,28933,386,37610,8825,4937,22509,5862,84287,2,10,8185,4310,5806,7,8074,9086
232,155165,13816,24023,11369,62149,403,33443,10496,5335,21442,6818,34291,1,9,12141,5614,5917,6,18894,10365
233,166715,15244,26758,15974,64477,400,38989,13568,5562,20806,6435,41576,4,9,12112,5847,6182,2,20548,12568
234,163299,14545,22710,20398,58950,344,37981,14055,5664,21544,6289,44357,2,6,11396,5812,6204,11,22339,11703
235,150409,14256,23324,17862,56605,430,40327,13633,5057,21182,5967,42885,2,5,10753,5469,6332,0,21007,13632
236,112571,14849,24093,16417,58298,392,33642,13331,4726,20585,5856,0,0,6,8362,4943,6180,3,20057,12191
237,125812,13203,18436,12257,28519,437,30099,11628,3990,20800,5277,0,0,11,5031,4066,5945,5,10872,11788
238,117390,9102,4301,6729,30530,354,22231,8559,2763,18999,5642,93822,1,3,7578,3941,6309,0,8521,9994
239,124375,12689,22142,6412,61608,554,20198,10584,3853,17982,7103,36435,2,6,10409,4771,6420,1,17165,13094
240,124653,11666,26951,13198,64772,497,25356,15191,3974,17464,7489,40285,2,8,10843,4749,6608,3,17944,11948
241,130407,18855,23808,17553,60760,469,28809,14360,4131,18856,7279,34899,98,5,9471,4421,6527,2,18670,13695
242,116280,13082,23235,14022,59503,455,29173,13563,3538,18966,6912,38118,6,7,9838,4241,6573,4,16374,13802
243,89169,13044,24045,12321,53114,355,23355,12713,3342,18751,6871,0,110,5,6902,3757,6317,10,15337,14518
244,83162,11436,19336,11192,27900,303,21184,11249,2673,18083,6562,0,50,7,4975,3213,6268,2,7030,12001
245,95758,8635,4388,5608,28490,336,18676,7925,1793,17391,7719,79686,33,5,6614,3598,6597,1,5448,10994
246,95695,11039,23337,6114,56278,467,16914,9651,2324,16406,7795,29064,32,6,9695,4076,6820,3,4384,10379
247,106152,12899,26406,9705,54414,451,19251,13182,2634,16222,8102,31596,66,9,9196,4266,6870,2,12153,11984
248,99559,12408,20,14211,57107,369,20732,13656,2578,16463,7909,29960,9,4,8891,4386,7040,2,0,11434
249,90348,11713,45607,12908,51690,393,19189,14213,2370,16444,7901,28565,19,6,8374,4122,7054,4,26626,11749
250,68190,12059,20588,10485,46310,372,18357,13439,2277,16379,7897,0,9,3,6680,3980,6990,1,13209,12156
251,56104,11831,19715,8616,26162,289,15917,11640,1630,15808,6670,0,16,6,3658,2250,7065,3,6065,10827
252,59838,9110,4343,4535,28586,302,14127,7969,1217,15701,8103,47095,49,3,5154,1769,7321,1,3868,8242
253,69005,11067,19020,3379,51217,443,12442,10612,1568,14808,8636,16402,14,11,7794,3252,7640,5,10738,8700
254,72250,12923,25409,8072,61108,504,13083,12947,1886,14258,8642,18114,27,8,7739,4455,7585,2,11138,8776
255,74874,9309,21076,10237,53604,403,13546,15137,1690,14803,7590,17853,49,8,7311,4378,7474,1,10677,8435
256,73581,12143,20709,9860,48942,362,15191,13893,1300,14867,7763,14581,2,5,7151,4240,7298,1,10388,9869
257,55253,12194,21231,8354,44856,326,13360,13523,1360,14640,7706,0,53,6,6057,3482,7120,0,9741,8844
258,56056,11649,16675,6114,30723,344,10994,11060,1362,13968,6287,0,33,2,4245,2834,7390,0,4099,6765
259,73830,9121,4406,4426,25808,456,9781,7344,965,13999,7945,30251,41,5,3259,2731,7760,0,3098,6462
260,74981,11610,19596,3856,65284,621,10638,10368,1308,13030,7906,10057,42,6,4003,3399,8011,0,8683,10029
261,77060,12881,25040,7556,47225,621,12760,12066,1448,12629,7325,10829,18,1,6064,4581,8042,1,8988,9687
262,74923,13193,22518,10207,53479,561,12096,13755,1536,13243,7241,14515,18,6,7671,4780,8066,2,9099,9039
263,70830,13993,24127,9113,52157,446,12096,15470,1301,13242,7419,11435,15,2,7886,4626,8017,1,7829,10614
264,51656,14264,22371,9164,52371,418,10456,14914,1233,12775,7857,0,6,6,5944,4728,7922,1,7785,8054
265,50122,14199,22046,7676,29485,332,9838,13450,1032,12568,6546,0,15,4,3709,4189,7931,0,3104,7300
266,58676,10584,4654,4369,31846,357,10656,9617,740,12455,8104,20849,9,7,5417,3837,8263,0,2252,10180
267,67068,13742,20193,3883,63585,439,8527,13299,1081,11679,9107,7461,11,2,7477,4412,8330,0,8634,9775
268,68441,16738,31527,8007,65386,396,9946,16402,921,11609,9561,9212,9,8,8183,5063,8270,4,8642,7533
269,67182,16577,25414,11869,68279,406,10020,19871,1076,11067,9572,9568,9,10,8234,5146,8206,5,8462,8493
270,60763,16488,25216,9997,63395,399,8587,20488,1054,10955,9205,8341,5,8,5083,4993,8103,0,7512,8232
271,41544,16752,24110,9762,58418,355,7458,18902,1213,11409,9193,0,6,5,5469,4708,7975,3,7246,6208
272,44748,15510,19952,7890,33365,355,6054,17440,999,11234,8424,0,16,8,3168,3782,8010,1,2810,5560
273,55831,12286,4730,4732,40385,341,5464,13106,698,11450,9891,15978,0,8,4658,4002,8510,0,2343,6680
274,57720,14989,22872,3943,59695,444,6410,17063,888,10441,11837,0,27,10,6653,5033,8495,0,7913,5712
275,61755,17407,26811,9019,72899,424,6420,20840,1243,10416,11520,6137,7,11,7855,4157,8525,3,7793,6808
276,62274,16838,25286,11912,76022,398,6643,22845,1169,11263,11322,6037,6,14,7432,4717,8404,2,7521,7264
277,56258,18284,23507,10580,72505,417,6026,24010,1148,10906,11302,6654,6,8,7891,5400,8367,0,6797,6971
278,38566,18754,23392,9557,66904,416,6118,23633,1043,10909,11770,0,7,5,4860,4585,8212,7,6561,5767
279,51537,18599,21835,8103,81684,346,5261,20724,1071,10478,11187,0,11,12,2922,3872,8010,2,2734,5826
280,55079,15388,5552,5011,36585,446,4822,13882,600,10145,13215,11958,12,15,5058,4303,8313,7,1877,6894
281,59879,17921,23180,4252,71294,470,5868,19725,1127,9342,13755,4012,2,13,7307,5358,8554,1,7407,6389
282,62203,22854,29661,9146,81467,465,6022,22275,1313,8976,14556,7119,3,16,7693,5405,8603,1,6602,5633
283,60910,23285,28092,14356,77071,488,6835,25649,1317,9167,14046,6255,4,12,8204,6125,8308,0,6469,5144
284,58267,24882,25075,12834,82471,490,6684,26790,1271,9695,14941,5348,17,10,7849,6493,8088,6,6816,6412
285,35412,25320,29763,12674,70343,459,5617,26031,1319,9808,15082,0,3,5,6278,6121,7802,0,6104,4607
286,48437,26291,26451,10790,43448,382,4695,21304,987,9985,13378,0,1,13,3697,5547,7593,1,2415,4714
287,52726,24492,6474,6604,44314,363,5130,15252,695,9347,15503,11358,3,7,6164,4959,7980,5,1439,5589
288,87825,28903,30027,5480,85645,469,5362,20376,1133,9305,16749,4962,3,17,8235,6088,8380,0,1278,5414
289,67389,35871,38520,13435,88652,445,5793,23040,1533,8910,18912,6092,7,12,8304,6341,7802,0,6455,6825
290,76144,39726,35074,17504,87926,463,6333,24901,1497,9713,20049,6216,3,17,8328,7588,7530,8,6726,6570
291,63792,40953,35118,17482,88259,452,4872,25707,1463,9612,21030,0,1,9,8160,7795,7620,6,5722,6279
292,46372,43846,35343,16033,73154,456,5639,23913,1516,9548,21061,0,1,4,6826,7197,7540,1,5729,5656
293,66643,46951,30664,13733,47445,410,5356,20045,1118,9215,20428,0,0,10,4032,6459,7260,1,2133,4396
294,62222,40715,15809,7709,55970,346,5407,24501,816,9195,22216,16471,3,5,6401,5636,7357,0,1388,5744
295,69402,47262,14696,7485,85208,425,5416,18739,1500,8369,26182,5516,0,10,9405,7818,7290,1,5881,5297
296,76845,53476,65391,15813,90906,430,5627,21246,1917,8769,29762,0,1,9,8300,8041,7605,2,5714,5227
297,73864,59118,45661,22657,98261,494,6277,23681,1915,9128,28731,13419,3,9,8238,7878,7506,3,5787,6107
298,64509,62258,41882,21573,80346,505,6235,24076,2025,9073,29081,7586,7,13,12936,9276,7980,1,5303,4982
299,37867,62714,42625,20472,81703,482,3909,23834,2071,8783,30021,0,0,7,10338,7792,8120,7,5059,4461
300,68224,68020,37128,17176,46958,384,3947,19604,1782,8979,29058,0,5,17,7208,6986,8751,2,1646,4083
301,63395,56211,9106,9872,42615,441,4784,12900,1345,8589,32404,15501,3,20,14014,6049,9310,1,1293,5008
302,75739,53480,30723,9549,86441,506,4069,16055,2087,8162,37303,4994,0,8,10154,7871,10250,1,5067,4682
303,79844,72330,59050,17051,88725,551,4115,23887,2843,8156,39302,8534,9,18,16056,8415,10330,6,5977,5937
304,84412,81466,50676,24300,87773,555,4565,22184,2605,9057,40806,7041,14,11,14430,7747,11750,6,5381,6142
305,70364,89129,46683,21888,69375,542,3423,21917,2754,8682,42308,0,3,8,9902,8022,11660,3,3089,5325
306,47331,93249,166,18129,39355,543,3424,21247,2772,8906,44756,9571,6,7,10384,7333,11420,6,1838,4345
307,63202,103558,80635,12196,32318,473,2405,18017,2467,8697,41998,0,5,9,9955,5606,11680,2,1263,6731
308,80713,96982,10793,8497,42674,478,2831,10680,1571,8525,42551,10360,6,8,13667,5760,13890,1,1247,3712
309,74962,115736,8056,6885,85132,668,2404,7763,2666,8206,49584,6623,11,14,20870,6557,17430,2,4804,4549
310,74228,126789,927,9677,88696,700,2797,13686,3448,8174,54740,8788,11,6,22039,7867,20954,0,5370,4860
311,82748,131968,97033,20407,88555,671,3124,17209,3496,8545,55941,9901,9,5,23683,8144,22586,0,5140,5504
312,55384,145384,164,25464,88110,676,0,18924,3488,9027,55791,10875,15,6,24130,8023,22478,4,5045,5265
313,43823,152879,1404,24097,66552,614,2713,17551,3765,8580,52676,0,9,9,19419,8550,19666,2,6356,4723
314,59835,168912,117902,17855,39175,587,1730,15737,2836,8576,50678,0,1,14,15262,6884,21063,1,1793,4127
315,62429,161736,8550,13245,39650,542,3686,9780,2104,8191,54562,22744,12,10,19437,6741,23311,1,1627,4829
316,64690,184372,39130,10810,82661,731,2504,13439,3452,8044,59187,6292,9,21,27001,5480,24760,4,4512,5702
317,66213,200739,43507,21693,74606,698,2530,16160,4307,8202,62797,10474,19,19,25157,8930,25582,5,4894,5656
318,62650,217353,38045,29426,71183,672,2767,16963,4569,8818,61400,9663,25,15,24999,9054,25078,1,4189,6177
319,54307,234692,36450,25831,84387,655,2807,15923,4524,8872,63082,10598,14,15,29472,8428,25261,2,4504,5363
320,34408,261394,35873,23804,68565,671,2273,15364,4793,9201,62606,0,9,20,19119,8617,21312,2,4157,5041
321,43288,273802,29378,19185,38838,531,1884,12688,4084,8507,55802,0,4,14,16267,7181,21644,1,1506,4585
322,52057,259167,6708,11437,36522,549,3054,8863,2903,8465,55149,21071,6,23,20461,6866,24346,3,1308,4952
323,55834,295158,44075,9609,72643,731,2531,12069,4350,8044,61028,0,9,20,29145,8529,25492,2,4262,5549
324,57679,314644,34924,24884,73988,735,2422,13836,5286,8146,61967,17718,12,18,25932,9730,24886,4,4639,5720
325,57726,332921,33404,29518,48108,797,2766,16046,5492,8874,54791,10814,12,44,27216,9281,24092,4,3708,6243
326,48171,346786,32340,27543,69281,785,2698,14758,5104,8717,49438,11731,6,15,27884,8134,22904,4,3911,5436
327,30596,349691,32642,23392,63781,644,2122,13814,5595,8698,40596,0,3,10,21220,8060,18230,7,3308,4544
328,45400,352991,24505,18773,33641,500,1733,13157,4599,8652,38553,0,10,17,15012,6248,19165,3,1653,4402
329,42727,323023,5957,11907,32398,511,2119,8440,3314,8681,37312,19852,9,37,18793,5369,21026,4,1143,5944
330,45795,360927,30324,10976,75844,775,2698,10398,4961,7931,43301,7665,5,33,25495,8681,20963,6,3592,4656
331,45945,379308,31542,22231,77279,678,2187,13382,5783,7729,40444,8665,8,23,23718,7292,21713,6,3818,5241
332,48165,386555,26547,24736,68614,656,2459,14314,5913,9161,37674,10143,45,25,26053,9176,19899,5,3990,5833
333,34964,401993,24303,24329,72008,627,2397,13445,4684,8613,31891,9135,18,13,22420,5805,19272,7,3821,5500
334,22739,392488,25670,18935,58292,606,1911,12964,5983,9147,28817,0,14,13,16502,5533,17080,4,3025,4512
335,32796,368060,9921,16290,29288,488,1674,9145,5890,8574,25980,0,20,14,11394,9190,18698,5,1093,4394
336,35280,357316,3767,9160,38989,541,1674,5946,4464,8368,24733,16353,23,12,15920,7768,20732,8,1027,4730
337,35961,382146,24377,7534,69535,676,1983,9113,4190,7653,28997,4515,10,15,26238,7302,20150,8,3064,4369
338,37883,412431,26004,18034,76372,574,2155,10579,4060,7857,26476,6317,35,19,24079,6817,15872,7,3021,5285
339,41582,414188,21713,21953,72290,525,2618,11798,4370,7518,22388,7960,60,9,24086,7495,18409,13,2846,5647
340,30481,401078,19139,18485,76844,701,2490,10549,6050,8261,20107,8186,47,13,22552,7427,17076,5,3043,6327
341,17632,403405,20779,15685,61761,564,2056,10174,7238,8198,18052,0,108,16,18024,6593,13576,5,2743,6130
342,25531,366494,9128,12656,32720,463,1771,8289,6484,8290,15191,0,167,9,11582,5873,14141,1,1175,3922
343,29018,329942,3299,6922,36301,511,2377,5077,4940,8338,13604,13984,77,7,17381,5534,18408,15,704,4891
344,29044,348421,19791,6125,70106,635,2490,6943,6235,7989,14497,4941,82,8,25976,6376,18133,11,1897,5021
345,30005,362727,21498,14909,76248,715,2297,7848,7051,8096,13029,6418,87,9,24475,6036,16409,21,3090,4608
346,28665,343144,19461,17419,80030,747,2663,8082,6874,8259,11534,5701,82,2,26531,5542,14246,25,3632,3448
347,20917,326098,7043,11336,77914,681,2198,7562,6262,9338,11394,6347,76,7,27363,4466,10145,34,2880,2633
348,13788,311170,15685,7894,67351,610,2060,6652,6417,8667,11472,0,296,11,21469,4458,7723,185,2695,2385
349,22158,281386,14026,8500,37564,619,1927,5748,5256,8426,10512,0,100,3,16350,2842,11291,207,1233,3080
350,23806,263533,3351,5412,35598,528,1991,3454,3677,9204,10174,11061,147,5,28680,5343,14319,335,822,4295
351,24351,267334,17223,4209,74805,653,0,4449,5224,8057,11937,3988,153,9,35543,4582,13930,243,2767,4185
352,26546,276110,19057,11040,80263,646,2146,5500,5791,7799,11553,6080,208,3,39652,4667,12789,273,2000,4871
353,21916,259551,0,12298,83387,561,2699,5736,5712,9112,9385,5733,89,4,35884,4186,12428,292,2628,5797
354,12974,257299,12803,8769,76631,666,2709,5215,5245,8811,9528,4792,132,4,35468,3185,11250,314,2604,5746
355,7206,240842,12611,7082,67896,585,2524,4714,5035,8585,8697,0,178,4,32171,3439,8005,723,2586,5296
356,6350,222315,9766,6714,38495,538,2095,3993,4039,8827,7839,0,156,12,24801,2703,8631,460,1274,5280
357,21093,196427,2230,2682,37480,516,2366,2489,2711,8283,7523,11067,129,10,22651,2467,11005,595,703,5907
358,16591,208921,3155,1911,74041,699,2418,3220,3892,7762,9375,5359,527,17,24601,2789,11873,539,2483,5060
359,17969,211298,12657,2626,80245,629,2991,3935,4533,8247,8738,5007,155,17,35399,3351,10468,635,2932,5034
360,17513,186364,13933,6313,64531,587,3384,4143,4132,8911,8426,5290,270,11,41080,3868,9994,670,3050,6278
361,15157,173790,11274,7380,53888,533,4030,3737,3703,9126,7773,5482,40,9,39207,3402,10253,554,3006,5862
362,5896,165553,11527,5426,75863,479,3241,3348,3593,9155,7656,0,512,13,29841,2724,7107,491,2725,6565
363,14186,152734,8662,3852,41449,430,3114,2948,2874,9558,6933,0,199,9,21346,2050,8876,354,1307,6115
364,12799,127510,370,1978,36607,459,3294,1818,1791,8341,6493,9732,325,13,28175,2328,11042,351,932,5662
365,18201,132788,9853,1785,78913,677,3102,2483,2639,9369,7112,4388,193,6,35355,2531,10687,331,6917,4824
366,14517,134154,1354,4917,96278,681,4264,2896,3034,8702,7181,4984,245,13,35017,2749,11620,547,3269,5246
367,24504,132364,15559,4640,76067,695,5181,1963,2831,8807,6602,5250,193,4,32291,2412,9657,585,2894,5353
368,8821,120529,6958,3165,43171,744,6144,2556,2592,8820,6169,4969,301,16,30950,2143,9209,472,2809,6486
369,5029,114460,6654,2294,61667,556,5655,2434,2650,9011,6126,0,216,16,23627,1556,6442,510,2071,6594
370,11905,100636,5180,2440,40343,485,5226,2275,2020,9025,5386,0,211,18,16415,1403,5612,342,1979,5832
371,10643,86498,1174,1117,39716,454,5590,1270,1280,9297,5647,9542,236,14,22195,1427,4907,193,881,6993
372,11754,92596,6021,1204,55713,601,5979,1894,1881,9843,6609,3504,195,5,31137,1731,8846,203,3449,6294
373,11522,93463,5569,3254,84867,611,7319,2198,2238,10271,6454,4427,413,15,29757,1579,10598,274,3855,7725
374,20986,92291,4483,3187,91244,556,7238,2078,2042,11560,6408,14004,200,3,27628,1391,12398,254,3672,8892
375,8889,84332,3879,2440,86312,563,7968,1892,1934,12361,6261,4142,213,6,26934,1218,9966,278,3282,8083
376,4929,80834,3972,1911,73773,452,7558,1722,1941,13360,6076,0,289,14,18057,1050,7444,246,3649,7465
377,10728,70421,2973,1489,36984,399,7325,1390,1382,14561,5012,0,293,14,13043,858,8195,175,1707,9868
378,10770,60471,698,549,42692,374,7619,907,933,13550,5626,8167,251,11,21292,1044,10715,185,1175,8189
379,12490,62224,3243,652,87141,544,7595,1253,1417,14002,5955,3432,423,13,27260,1034,10216,135,4250,8161
380,14195,67208,3064,1455,86528,540,8819,1400,1707,13209,6221,3832,490,15,25878,1092,10487,168,3789,9944
381,24509,62480,2049,1330,76492,507,10812,1323,1550,13857,5904,4197,356,8,23780,911,10291,175,4253,12624
382,9045,60753,3187,1076,95444,482,10289,1147,1620,17051,5575,4214,358,13,20363,699,10100,187,4098,12990
383,4662,58226,2624,0,77934,429,10078,1193,1518,17679,5480,0,470,9,15631,714,6448,125,0,12906
384,13765,53449,1910,1950,44587,357,9077,881,1306,17367,5091,0,280,24,10395,564,8161,109,5542,13737
385,7531,42640,496,346,45410,395,10475,484,868,17114,5294,7209,272,11,8606,697,10485,75,1268,14536
386,15279,50848,2213,455,124248,644,11488,834,1435,16438,6143,4040,252,14,21387,666,11716,77,4233,13668
387,14926,54069,2330,1016,77396,610,15954,1140,1780,17303,5809,4341,207,24,27319,706,11059,103,4963,15308
388,29596,51667,2008,1008,76624,634,16724,266,1674,19871,5703,4507,334,20,24463,663,11734,129,5340,20574
389,5286,48698,1988,774,75061,668,15331,751,1710,20065,5630,4924,214,33,24023,561,10820,76,5270,18872
390,4271,50040,2128,592,60665,614,17976,838,1631,21312,5266,0,788,42,18555,509,7034,80,5051,21095
391,9165,46148,1634,538,31980,501,14658,780,1282,20169,4883,0,415,29,12105,558,9758,89,2384,21342
392,22568,37566,518,219,32059,595,22674,387,1001,21258,5283,10179,396,32,18389,553,12351,60,1661,20694
393,20139,45951,3395,404,65956,794,20250,677,1380,20217,5846,7091,371,42,24065,651,12717,54,5711,20467
394,20884,48786,1380,808,47143,762,25648,776,1820,20633,5496,9227,545,41,22673,838,11748,56,6105,21807
395,46974,46617,2664,892,61130,826,27634,879,1754,23128,5288,12345,675,41,21177,945,14303,49,6081,24836
396,10042,44111,2687,649,63572,793,26866,794,1775,22791,4891,12563,394,50,20888,1132,13836,58,5842,25830
397,11768,43071,3006,0,53733,742,24534,929,1878,24003,4537,0,1189,19,14034,1221,8341,80,6265,27913
398,29661,39796,2605,0,25462,711,23973,806,1485,24693,4418,0,951,51,9000,1519,13781,39,2611,27233
399,26505,34703,802,1442,27935,746,27152,480,1029,23895,4678,32607,1051,27,17277,2217,16025,31,1805,29745
400,31120,43733,3588,440,61683,1212,28439,907,1668,22926,5299,14137,1029,30,21590,3650,16080,27,7989,31189
401,31932,45892,4083,985,54167,1275,32136,1010,2189,23510,5160,17384,1044,42,19423,5437,17212,40,8507,34379
402,78031,43393,4446,970,54147,1316,32103,1391,2246,24361,5171,17317,1425,48,19256,6939,23391,21,9452,38391
403,14071,42766,4580,949,58452,1378,35723,1386,2276,25299,5670,21879,1798,64,14518,10317,16596,36,9319,38124
404,20384,41506,4696,0,44121,1324,32008,1394,2458,24607,5530,0,1862,85,11561,9334,11664,33,9581,35094
405,49213,37154,4314,0,19147,1100,31542,1391,2030,24544,5261,0,2008,121,8850,8451,17664,31,3779,36197
406,39925,32906,1268,2021,19233,1150,34490,887,1505,24649,5404,33932,2187,102,14989,7831,20829,24,3074,40427
407,47854,38865,6958,646,48566,1615,36400,1530,2384,24211,6285,43960,2744,106,20023,10470,22750,29,11137,47899
408,56427,41733,1450,1548,56097,1600,42203,2153,3192,23331,6907,26390,2830,84,19697,11023,23371,26,12116,54517
409,120781,38949,11058,1642,54398,1535,48565,2473,3418,24793,7304,27688,4049,113,17295,11397,23655,18,12821,56757
410,29395,38079,10935,1456,42915,1454,52020,2895,3433,25188,6918,31060,4004,145,17261,11107,21885,32,12420,54000
411,28654,41157,11005,0,49030,1451,54387,3118,3886,24590,7666,0,4710,128,12230,10262,15139,12,12631,51952
412,78538,38164,12532,0,16747,1252,48279,3126,3101,24480,7680,0,4843,117,6935,8966,22184,18,4438,44721
413,65151,30093,4193,3446,16756,1278,40008,2070,2328,24098,7667,61628,4335,104,12764,6750,25441,21,5307,34257
414,73570,42015,18217,1183,31149,1784,46627,3555,3759,23234,8780,27286,5427,146,15077,7010,27444,24,13853,38325
415,72356,41383,21573,2203,55836,1838,44169,4254,4949,23164,8151,30587,5537,160,14632,6335,27379,25,15198,33772
416,191156,35342,22100,1890,48681,1630,40010,5056,5399,23938,9586,29535,7125,156,13500,6502,20313,33,16244,49509
417,44736,39097,19409,2089,107120,1629,36138,5142,4234,23276,11094,31171,8688,171,15622,5399,21814,24,0,49071
418,45414,39742,25741,0,34648,1486,31804,5138,3594,23395,12381,0,7956,165,11136,4705,18632,23,32244,45416
419,107474,39361,15242,0,18256,1318,29081,4742,5039,23517,14230,0,6260,164,7506,3915,27146,13,6535,38679
420,98079,29689,5414,4264,21442,1365,24694,3115,4709,22678,16809,61625,5174,184,12555,4044,31814,11,5920,28228
421,102405,43654,27128,1545,43591,1896,23369,4516,7670,22486,19761,26399,10774,207,16757,3598,34951,17,17408,45203
422,109604,43509,27923,2768,47049,1672,25733,5693,9628,21870,22291,27149,6519,253,15883,4565,33817,20,19028,47791
423,251959,44230,25429,3142,41321,1707,30892,6167,10752,22720,22161,26689,9765,183,14115,3515,34433,18,19223,43479
424,63927,41649,24310,2454,40378,1539,29332,6613,10831,23016,22083,24753,7717,221,13483,3078,24715,25,19346,41168
425,35734,41831,23862,0,35088,1442,25855,6509,12422,23264,22332,0,8938,253,10356,2441,19846,12,18809,37284
426,158392,40134,19714,0,20353,1215,24230,5320,10248,22264,20890,0,7447,229,6083,2176,32511,14,6740,30738
427,118321,30549,8592,5344,18875,1201,22362,3185,8478,22969,22898,55939,0,224,11183,2249,37189,14,6506,22404
428,154494,42625,24298,1766,32496,1723,21683,4841,12101,21471,24832,20327,16954,253,14850,2952,39019,19,18911,33900
429,143846,42982,29241,3571,40537,1776,29144,6590,14312,22053,26822,21874,7295,302,13736,3583,39357,21,20685,35867
430,226712,44643,26949,3539,39484,1704,30030,7224,15317,22564,24297,21387,7310,307,13786,3025,38674,11,21569,35764
431,74236,38628,25731,3448,42671,1822,31633,6599,15807,22073,23957,21561,4315,353,13549,2770,34913,12,21563,39532
432,47899,39070,25857,0,39533,1728,28379,6897,15821,21727,25100,0,12275,277,9803,2499,26439,10,20018,31753
433,193322,35499,20460,0,13894,1492,27268,5733,14526,22271,22699,0,9904,302,6141,2181,39619,7,7573,26415
434,151230,28204,7218,7516,15542,1539,25015,4200,12178,21554,23731,39638,9334,380,10180,2251,40808,8,6513,20709
435,167259,38353,28892,2480,35462,2219,23444,5624,10733,20765,26597,15680,8043,367,12412,2347,39139,8,19555,32081
436,155376,41195,32794,4996,35443,1986,29396,6921,16028,20958,27356,17023,8606,372,11397,2893,42541,16,22711,30625
437,239003,40120,29671,5638,35858,1990,32872,7267,19034,21311,22261,17410,5025,416,13369,2922,39049,6,24975,24709
438,93589,38667,27747,5578,32995,1929,32517,7398,20496,21661,21372,15657,9180,493,8472,2588,39119,16,22758,30788
439,45416,36083,24427,0,29302,1817,29279,7181,20303,21531,19949,0,9716,439,6183,2531,29700,7,23642,28598
440,206166,32937,21269,0,13767,1553,26516,5661,17888,21010,18847,0,9580,518,3727,2373,36736,9,0,20813
441,155223,25166,13397,12498,18190,1373,28303,3669,15007,20154,18163,25726,8652,482,3636,2396,41194,10,16467,17384
442,179154,35178,25123,3912,39006,1803,26740,5268,20105,20349,21692,14336,9605,677,8172,3008,50228,18,14814,20741
443,183791,36401,30027,8324,40171,2151,33812,7159,24096,20312,19944,11956,8800,747,9764,2642,39174,11,28953,15768
444,238345,36571,25389,8400,36013,2051,36441,7240,25341,20459,19320,12445,10510,707,10596,2527,31266,6,23169,22053
445,80085,34457,22948,9280,34213,1880,37114,7220,25992,20402,19918,12450,10657,891,8160,2677,28833,9,21734,20004
446,53230,30948,22713,0,25322,1627,31936,7466,25662,20414,19351,0,13439,907,5889,2531,24179,10,20307,16744
447,227918,25072,17300,0,13945,1416,32069,5922,22345,19977,18622,0,11352,894,2979,2499,36419,10,7658,12408
448,180081,25467,7911,18810,15654,1505,31778,4166,16924,18875,18857,23899,10397,834,6135,2533,38657,6,6543,9604
449,190387,37593,25914,5747,31809,2152,30776,6078,21669,18260,19191,10072,10811,971,8119,3073,40623,6,18262,19106
450,179180,46164,23706,11561,29979,1878,35615,7539,24411,18972,19970,10781,12096,1115,6994,2762,39983,1,21250,18671
451,235115,44658,19683,12626,30923,1841,38117,7215,25038,19094,19616,7115,11575,976,6847,3013,36758,8,20633,16899
452,87370,46759,457,12029,27756,1793,37840,7823,24319,18982,18340,9489,17428,1119,5807,2544,36279,7,19556,12618
453,64743,45083,35631,0,22947,1617,32189,6858,22859,18986,17912,0,12103,1321,3725,2427,26034,6,17546,10050
454,90037,42909,13630,0,11263,1483,33018,5954,19337,18798,17332,0,12796,1355,2073,2265,31516,23,6837,7427
455,210084,30941,7688,23278,12801,1370,26322,4253,13674,17858,19557,15489,14224,1257,5358,2412,33780,8,5564,5436
456,177624,41965,24,5750,26846,2024,32069,5492,17719,17374,21893,7767,12607,1225,6731,2971,31319,4,11146,10534
457,166706,47092,33129,13531,25748,1956,35572,6496,20028,17955,23946,6818,11434,1467,5328,2927,33170,6,17337,10337
458,241690,45352,14154,13715,27023,1709,37983,6754,18216,18591,23496,9561,13197,1648,4653,2674,30279,5,18138,0
459,90575,42618,15224,14251,23604,1803,42350,6729,16721,18470,22857,6311,14922,1741,4318,2800,27621,6,17409,16752
460,49620,42766,13336,0,20325,1491,36773,6156,16014,18400,20033,0,9521,1670,2486,2472,20404,1,15586,6727
461,207683,38948,10410,0,12661,1374,36587,5314,12907,18262,19391,0,13137,1536,1397,2151,25870,6,7504,5403
462,145609,31222,3050,26037,10172,1596,40878,3347,8224,17487,20962,9357,12481,1466,3893,2556,27579,16,5127,4413
463,173213,37875,14541,6726,13604,2049,37541,4715,10607,17060,23638,5528,14208,1696,4106,2908,27138,12,15784,7201
464,158653,43263,5931,13565,14182,2047,38599,5921,12388,17673,23914,5618,12680,1725,3531,2503,26854,9,15876,6731
465,210630,34973,18120,15431,32823,1892,37560,5518,10396,18033,23846,4763,12420,1870,3661,2805,26821,6,14828,5990
466,76313,33376,10017,12969,16455,1865,37009,5617,8859,18008,23562,4440,13321,2075,2816,2288,21114,7,0,5376
467,46031,28591,9749,0,13762,1755,28943,5191,8802,18564,22923,0,11932,1616,1795,131,16654,5,26744,5001
468,169381,27254,7979,0,7861,1433,28679,4664,7213,18235,21352,0,12026,1720,930,3871,20219,14,5139,3779
469,121879,25404,2318,24070,8648,1495,30351,2792,4173,17861,24613,7804,11172,1578,2297,2073,22541,5,4161,2577
470,131631,27176,14456,6325,13571,2079,26752,4009,6279,17529,27802,3261,10508,1643,3017,2499,22329,5,12929,4128
471,129076,30570,383,12455,13276,1941,29934,4826,6809,18543,28224,3723,10585,1856,2510,2181,19731,5,13217,3948
472,174569,34403,14384,12925,35447,2008,26593,5115,5691,19288,28118,4075,10489,1800,2493,2257,18021,12,7040,3145
473,61915,35662,7756,11022,35337,2084,32552,4544,5113,19589,27692,3222,11521,1856,2308,2098,17605,8,3754,3835
474,55657,30773,7972,0,124878,1909,29519,4576,4700,19999,26161,0,9373,1572,1451,1745,12847,6,0,3385
475,153901,30256,5944,0,9175,1605,29317,3836,3396,19825,26398,0,10040,1500,622,1403,15975,12,16694,2234
476,113209,26115,1547,19974,9285,1727,35904,2405,2221,19376,27688,5988,8681,1582,2162,1747,17397,6,3367,1932
477,121880,26964,8776,4664,15380,1720,31174,3374,1770,18796,29338,2450,11692,1659,1837,2030,17564,5,12521,3263
478,110147,31923,7125,10454,32583,1716,33836,3963,3243,19308,28168,2840,11527,1809,2034,1912,17433,7,11603,2720
479,154832,31382,7307,10696,24917,2433,35841,4053,3601,21023,27844,3031,9472,1764,1733,1792,16362,9,11808,2881
480,49796,29616,6675,9727,18665,3270,35711,3790,2095,20942,27197,2746,8537,1865,1849,1684,15294,8,10139,2557
481,46238,28326,5370,0,13863,2770,30013,3519,2670,21583,26145,0,9706,1752,993,1691,10843,5,0,2137
482,140564,26041,4932,0,8856,2381,33095,3099,2136,22015,25861,0,10011,1472,562,1441,13792,8,13685,1760
483,95558,18795,1503,18007,9345,2289,37579,1773,1148,21731,27188,5039,9362,1880,1538,1781,14470,9,3007,1390
484,112749,18870,7224,4171,16884,2883,34796,2962,1722,21040,28892,2290,4589,1812,1825,1867,11701,7,9792,2057
485,101108,23529,6238,11780,16885,2564,35266,3212,1983,21891,29386,2761,8758,2400,1496,1779,13271,11,9796,1954
486,130561,26727,5456,12150,21951,2484,35830,4094,1575,23330,29104,2400,11357,2058,1641,1809,14078,7,8828,1690
487,40380,24354,5126,10118,18062,2247,34700,3403,1444,23953,28873,2037,6957,2335,1564,1756,14525,11,7388,1624
488,41019,22842,5261,0,12386,2085,29546,3309,1243,24632,27973,0,5490,1872,886,1684,10135,10,7369,1414
489,92844,20799,3799,0,9153,1672,29734,2967,967,25161,27351,0,5376,2023,386,1673,12428,6,0,1142
490,111005,18346,1293,17769,11518,1575,34467,1612,599,25150,28810,4271,5383,2389,981,1935,14607,5,5262,922
491,108317,18833,5947,4799,22145,2027,33184,2463,979,24465,29802,1801,4363,2026,1216,1955,13226,7,0,1404
492,86184,22431,9723,11547,18546,2425,38922,3232,1125,24479,30438,2303,4363,2216,1284,2827,10497,5,7682,1484
493,108751,21257,5210,11644,14616,2172,39888,2933,972,26881,30019,1807,4150,2524,1086,2841,11625,4,15310,1393
494,41390,19740,4799,10429,18535,1949,35115,3017,827,26561,30201,2309,4806,2515,753,2579,9897,12,7158,1384
495,33191,18166,4823,0,14804,1594,39531,2747,774,28648,28645,0,4491,2390,470,2314,7654,4,0,1167
496,96631,18132,4057,0,8412,1297,33692,2278,553,27889,28370,0,3528,2096,331,2747,11256,7,8843,894
497,82630,14313,1140,19577,6993,1347,39649,1516,369,28636,30563,3829,3619,1848,416,2945,13504,11,2007,620
498,92233,15823,6111,4971,7355,1579,37848,2486,607,27414,33860,0,2949,2029,1064,3801,13391,4,7187,1261
499,77332,18987,1607,11903,8372,1937,41670,2769,731,27926,31248,2758,3461,2744,1314,3679,12298,4,6320,1233
500,95899,16862,9656,12382,15232,1682,44745,2666,617,30489,30709,1932,4151,2532,1350,3780,11964,8,5825,1053
501,34331,15981,6193,11518,14298,1617,44400,2729,517,31362,30694,2248,3797,2311,1358,3733,11857,4,5286,915
502,20971,14146,4971,0,9761,1418,42952,2982,500,32351,28537,0,3221,2173,790,3725,7515,11,5203,997
503,109473,13596,3822,0,6185,1049,44857,2435,428,33428,24114,0,3193,2059,400,3382,11396,1,1993,747
504,67666,13058,1150,23687,9319,1073,48860,1594,230,33434,29240,4492,3168,2038,912,3919,11844,0,1413,626
505,102467,14623,6038,6771,13233,1570,43594,2695,371,32835,30862,1889,3034,2097,1303,4627,13308,6,4220,903
506,74558,18454,6086,17015,15708,1441,48810,3699,388,33162,29760,2528,3646,2544,1218,5254,11770,4,5069,914
507,94717,15786,6286,16077,16986,1440,51710,3791,343,35416,28465,1881,3636,2547,1541,5903,11788,2,4798,633
508,36339,16326,6458,19572,13398,1507,49004,3879,324,36205,28192,2556,3985,1883,1385,5711,11064,8,4653,760
509,34031,15906,6357,0,11905,1423,45161,3905,283,36728,26217,0,3373,2174,908,6314,7081,7,4452,802
510,109840,14306,5033,0,4536,1190,38895,3723,232,34690,24792,0,4045,1684,540,5317,9174,4,0,623
511,70093,12428,1357,35450,7827,1266,36251,2535,151,36947,27663,4485,3639,1786,1227,5760,7516,8,2787,460
512,86715,13451,6769,10473,13345,1950,43767,4053,310,35454,29643,1926,3595,1850,1415,7324,9096,4,0,611
513,81232,16156,7080,23212,17124,2107,44102,4595,310,35575,26896,2532,4411,2038,1485,7727,10644,8,4538,719
514,97090,14348,6105,28037,13686,2124,39461,4863,273,39070,25528,2212,4892,1886,1589,7418,11409,6,9300,723
515,37294,14313,6494,24668,12681,2103,43256,5332,292,38805,24409,2261,4899,1589,1373,7980,9893,5,4001,683
516,38992,12830,7399,0,10012,2061,41089,4877,284,39203,23096,0,5227,1185,812,8214,6809,7,3478,620
517,107330,12514,6349,0,6130,1686,37818,4525,228,39931,23948,0,5519,1466,548,7718,8427,6,1446,523
518,79998,10423,1883,48088,4626,1588,39819,2818,84,39321,28678,0,5598,1135,1138,7753,9857,5,0,403
519,95134,11903,2106,10813,5918,2666,33737,2831,221,37927,29796,5820,5637,1111,1340,9138,10104,4,994,612
520,57676,12885,10307,20398,16310,2480,41602,5188,264,39357,29764,2287,7106,1537,1264,10237,10363,7,3588,801
521,144121,12729,9397,33949,13247,2344,36866,5902,158,39117,29482,3291,6580,1580,1440,10952,9862,2,2660,628
522,46193,10929,9083,37120,12998,2248,33954,6761,225,39617,28193,3093,7504,1534,1271,12006,8633,7,3763,518
523,33902,10826,9664,0,11173,2223,30570,6760,230,40210,27474,0,7491,1387,928,11386,6803,1,7188,401
524,131057,11478,8559,0,5661,1759,29981,5822,157,38028,25304,0,7646,1264,593,11831,7554,4,1382,444
525,87981,10126,2241,73058,6881,1713,32143,4547,100,38257,27824,6417,7988,1292,1288,11310,8341,3,0,244
526,112406,11466,12565,21832,11810,2424,32992,6111,194,37999,28662,0,8133,1201,1349,12659,8305,6,4473,434
527,108583,13091,11945,39676,14980,2520,39613,8033,227,36896,27259,6461,7930,1556,1567,16362,7948,5,0,480
528,126271,12516,12643,50196,15538,2368,43445,8697,215,39584,24898,4286,8162,1414,1460,16271,7539,9,7049,435
529,47256,11850,3887,48640,14599,2323,39167,8522,201,38941,23637,4353,8982,1452,1614,13885,7322,10,0,399
530,41529,11271,14676,0,9358,2418,37993,8539,194,38068,22583,0,8467,1115,1092,12073,4306,4,3353,359
531,140896,10229,12506,0,4302,2006,36415,7565,145,37620,21624,0,8176,995,591,19225,6143,8,3130,339
532,91722,8865,3307,102186,2743,2125,40262,5199,78,37210,23852,9798,8616,1014,1417,20198,7494,9,942,221
533,111571,10197,19884,32048,6568,3184,37135,7815,151,35612,25101,4091,10259,1228,1622,20802,6430,2,775,347
534,37057,11919,20365,52826,13112,3290,38217,10167,204,35415,23867,6667,9849,1267,1553,23634,6251,5,4571,522
535,54693,11106,20396,65371,11402,3034,48096,10645,148,36155,22234,6315,10223,1505,1755,21076,5882,3,3915,400
536,28467,10302,21270,52970,12373,3212,44790,10554,153,35935,23810,6636,9625,1360,1518,21851,5784,10,0,360
537,45123,10488,22701,0,8215,3114,40325,11540,104,35896,23347,0,9531,1465,1095,20709,3539,4,3837,393
538,185150,8488,19757,0,5088,2827,39793,9707,157,35749,21177,0,9889,1207,646,23044,4340,9,3306,314
539,117606,7579,5339,137294,4141,2698,45223,6403,49,34533,24856,15875,10321,1002,641,22978,5427,3,2141,186
540,137001,9283,30505,45326,12440,4115,42865,10044,111,32899,28170,6777,39132,1464,1644,23795,5144,7,0,394
541,137913,9119,32633,66884,12254,3937,43117,12450,77,32555,27592,8527,11811,1527,2234,22258,4813,5,3698,451
542,157998,10549,33510,75961,12283,3899,47167,13756,119,32866,24467,9258,12450,1627,2260,21333,4850,10,8415,372
543,67808,8318,34472,76414,10879,4067,49916,13681,121,33824,24002,9912,13109,1480,1912,22102,4384,12,3445,453
544,56562,8774,37089,0,8309,3928,40041,12869,125,33119,23759,0,16067,1235,1521,22173,3045,12,0,404
545,174919,8309,31587,0,3536,3304,36760,12927,72,32786,21655,0,12936,1155,888,21482,3781,10,2956,264
546,112468,6990,8547,140890,4489,3030,42496,7972,82,33170,24317,22911,13770,1099,1968,22194,4310,8,1774,176
547,149378,8954,47224,45753,10285,5120,40410,12757,89,31990,25216,10261,13972,1417,2332,18571,4253,5,0,297
548,123934,9765,50470,67186,12282,5262,48009,15073,115,32196,22556,10536,14508,1702,1881,23123,4312,8,6652,278
549,157415,9216,48445,73209,11931,4943,53492,16810,117,32757,21747,14500,13698,1522,2681,21590,3839,17,0,311
550,57742,8603,49871,74352,10622,5352,51204,17015,158,32316,21495,13738,14492,1708,2382,22680,3603,11,6234,245
551,53397,0,51464,0,7407,5127,41818,16627,120,32374,20374,0,13998,1249,1690,23115,2157,11,0,246
552,183253,17201,42153,0,4693,4324,43628,15010,104,32013,19357,0,14314,1285,1294,21012,3109,4,3811,196
553,113350,6822,11635,134401,6017,4952,51336,9494,81,31569,20033,0,14591,1434,2477,17940,3356,10,752,130
554,145615,8439,59054,36059,10136,7174,45373,15742,111,30546,22687,43808,13840,1705,3089,18132,3514,21,0,261
555,142191,9419,61358,69601,10132,7100,51053,17946,135,30228,20874,0,14599,1654,1881,19803,3309,5,3304,264
556,192508,8402,56886,70611,8753,7022,50483,12516,154,29701,19696,26412,15311,1711,2744,17563,3228,16,6395,220
557,81681,7990,55165,61288,7065,6977,58603,20490,146,30383,18561,17095,14839,1757,3573,17764,2971,17,0,192
558,90919,7877,53919,0,2684,6688,52590,21035,137,29815,19255,0,16141,1543,2445,16636,1681,10,2992,228
559,241163,7350,43848,0,1615,5817,48353,19212,135,29483,17956,0,14638,1843,1570,13831,2289,6,2655,163
560,182274,5784,12101,108086,2770,5564,54213,12704,77,29208,18796,49802,15377,1970,3512,12769,2706,5,855,106
561,247854,6984,63416,30823,4379,7843,59560,20665,139,27910,21477,26136,15220,2809,4555,13584,2784,10,771,190
562,274389,7974,65714,51301,5078,7622,78093,23190,159,28011,19872,27140,15527,3423,4819,16401,2651,7,5651,205
563,248268,7447,60905,56677,3661,7434,88007,26104,175,28158,18100,28900,34062,3802,5301,15461,2500,12,2627,213
564,88315,0,58152,50968,4363,7313,92936,28615,187,27427,18141,33359,15236,4017,5648,14682,2196,15,0,291
565,183521,7145,58536,0,2381,6234,89397,28057,200,27131,17644,0,15895,3862,4163,13347,1361,13,2750,232
566,506071,13644,48473,0,1458,5316,82287,24303,173,27680,16910,0,16110,4031,3254,12217,1968,6,2530,164
567,372459,5326,15132,88247,2639,5201,92149,16205,134,26744,18762,79704,14977,4492,5337,9403,2390,11,1557,133
568,511020,6317,72882,23428,3734,7450,89560,30783,259,25655,19859,49823,16325,5531,9336,13524,2413,10,0,216
569,597949,7495,84312,45659,3226,6913,105768,36326,251,25038,19095,60041,16555,8357,11121,13682,2103,14,2980,179
570,512043,6650,91640,44927,3774,6231,123238,44585,288,25446,18771,72912,16377,8218,13456,12786,1932,13,3319,136
571,192231,7189,94126,0,3680,5836,121858,50590,346,24522,18910,0,16157,9855,16279,13081,1967,20,6883,204
572,296243,6987,104611,0,3674,5418,122348,54787,319,24771,20470,0,15586,9459,7183,12342,1121,18,2916,255
573,1042792,6531,27697,0,4969,4207,119366,24882,263,23543,20138,0,15218,9884,7623,11750,1857,24,0,0
574,828811,6358,30481,81653,6952,3862,107958,30799,214,23036,26099,214619,14872,11797,20263,9632,1967,16,803,212
575,675782,9195,179808,21080,9052,5406,138344,78300,313,21751,32176,99671,14440,17678,33902,16685,2128,19,943,278
576,844606,13154,208208,40043,9761,5029,183036,98016,467,20957,36684,100760,13889,21369,42032,16035,1905,14,4426,194
577,878995,16764,206546,42770,12618,4871,190380,127000,535,20914,39681,161688,19868,33811,50506,18054,1936,24,5290,189
578,408676,22775,232200,0,10190,4415,190970,144255,497,20482,40786,0,16515,30363,47663,17108,1703,41,18061,180
579,493412,27553,219126,0,3782,3830,163677,141256,528,19606,36731,0,14835,37459,20020,18942,1002,21,9193,274
580,1354505,33750,58432,0,1806,3124,135694,61137,628,18088,33520,0,16948,29608,20502,15494,1510,20,1671,174
581,786215,37379,67489,0,11654,3019,188527,68034,781,16193,44869,372766,15936,44745,44396,19509,1677,25,2877,265
582,853867,58097,271974,129226,19171,4443,223828,170837,1266,15760,54724,117775,21728,71495,81210,26788,1706,34,15184,299
583,865289,90928,332308,58912,22852,4123,195114,189088,2488,15632,66467,137180,17017,75426,95159,27284,1171,26,20626,404
584,879151,117100,262898,64340,35826,3716,182146,219430,4444,15179,68413,0,25842,78229,109608,37319,1579,43,25821,533
585,416301,141986,328246,56335,63292,3507,180242,108297,6244,16608,63214,242440,16278,98092,110533,30448,1178,60,28023,518
586,486100,159632,303669,0,49303,3376,142040,197535,8611,16424,66237,0,16553,111907,101689,34247,701,44,30671,479
587,660248,179723,296097,0,29658,2999,142269,155642,8242,16111,61727,0,23181,72834,73319,29444,1480,60,11599,529
588,1132846,168063,93941,117696,33921,3093,144064,117405,6430,15699,65236,292394,14818,93806,88352,30200,1932,32,0,454
589,909841,194720,368817,45690,73255,4385,117355,220519,6374,17396,74266,134942,16035,84408,134439,33747,1961,69,44678,802
590,730879,247417,361885,80430,87873,4162,131969,196205,13235,17797,77722,179125,28291,175271,131082,35669,2089,96,44187,646
591,805737,264202,308388,81417,97945,4536,106499,184577,18677,20972,75564,159161,16725,128185,128402,36992,2394,65,43523,793
592,309959,268833,329722,92223,111112,4418,100584,200869,22220,23614,67857,162508,16040,86288,139853,34553,2539,68,0,850
593,370919,271202,324610,0,48562,4190,81347,192936,25733,26949,63967,0,16378,112867,96652,36939,1421,77,91406,1054
594,908747,258089,278129,0,33277,3858,70779,157465,25479,28977,54100,0,15684,59891,65241,42732,2292,51,19132,855
595,492258,238018,102664,164671,74381,4070,89956,83387,20998,30457,64935,331467,0,84355,102458,1437,3163,65,17101,772
596,677098,282970,465270,74405,140342,5800,94510,228123,32342,30959,69658,94472,38582,84615,120982,70550,3653,66,0,1362
597,503285,317532,436566,112323,195541,6601,108239,200966,41478,33571,72615,157941,15959,67604,128321,40411,4060,54,109895,1745
598,612647,347254,427315,133536,169786,6766,108154,198865,46178,38508,71843,157447,16715,63941,129709,58863,4658,36,0,2116
599,182672,337704,401419,140160,171321,7005,96493,185600,49845,49127,72555,141095,15935,43166,118171,46912,5276,68,100279,2604
600,201011,333533,389342,0,165110,7628,77594,177335,54411,56767,72856,0,15707,67182,98146,65892,3503,129,0,3205
601,535312,306064,301643,0,122796,7511,75261,142487,49983,62695,65503,0,14978,32234,69884,65053,5144,87,72240,2925
602,326437,255874,109487,284294,87627,8566,95491,77666,44839,64533,67023,305432,14362,58022,78121,54410,7691,51,17938,2927
603,327097,285914,503349,126955,200290,13004,95295,211277,62614,67219,76341,114877,15743,52920,100863,59113,9378,35,44902,4878
604,273623,286384,427722,164000,217771,14514,102445,170940,71597,74072,77434,133553,15954,51016,88503,64979,11851,92,0,7010
605,354739,251209,393597,203136,229702,16085,97187,156040,79012,88105,82180,130888,15727,66223,77729,74516,14285,63,48627,8077
606,88420,235532,354269,190148,260806,17540,89340,144347,81788,97284,93586,118922,14929,65980,63884,39734,16757,68,94265,9905
607,85022,234281,332415,0,205597,17515,72819,137427,84889,112302,94783,0,15150,47258,41978,75450,11731,47,42582,11588
608,342590,209918,249467,0,104449,17072,62916,104110,78106,120324,88145,0,29766,36719,21570,112436,21996,54,13926,12422
609,213817,167059,88457,386454,102883,18333,848169,57631,60959,123033,93261,182123,12674,0,43472,105949,28995,55,12521,10185
610,187151,161386,414735,162613,171251,20268,113107,133306,81688,124693,102601,77873,11023,40146,49122,67312,35070,60,43099,16021
611,170365,172433,317070,208498,185964,22904,87597,119323,94886,141005,110682,86222,8744,24228,45070,83119,38160,53,0,17895
612,208169,149394,276409,236120,287149,27442,95704,112956,104442,154643,107530,74368,8601,32179,42437,69110,37395,55,42181,27197
613,52794,127952,242349,248838,218560,36362,82620,100900,98177,166957,111157,0,11594,27336,40094,40321,36908,71,78178,32211
614,59196,107474,214554,0,158092,38670,60601,93192,102275,175979,98715,0,12170,22985,21836,95072,23130,72,35243,33729
615,167199,83876,155439,0,61853,35275,53722,78943,89986,178616,87934,0,14112,25247,12664,77726,35429,43,10234,36057
616,110383,67597,48858,446255,69615,36718,63947,41602,68004,170532,96514,195755,16815,27373,25406,380498,39819,48,9242,26121
617,113807,71365,238690,169571,177483,49558,66745,102429,101184,164097,111096,43831,21909,31510,32790,86754,38757,47,6343,37492
618,101268,67084,3063,234250,179417,54122,67980,81669,97799,181791,108563,62839,23956,11483,27252,86968,39085,54,24898,46843
619,143887,58077,334334,247862,162636,53926,164474,76195,99723,195293,98602,53055,26032,31250,25110,80792,33681,83,0,40618
620,32158,50407,134564,240172,163786,54918,58860,67478,98349,202211,95065,49004,26487,22564,16503,70491,31247,79,34261,40489
621,23542,44877,118621,0,134950,56425,45956,62221,68433,201955,86193,0,27311,25607,11322,60288,18598,60,57583,55209
622,79645,34113,86565,0,58618,54616,41203,52345,77435,195813,73787,0,26379,12289,6289,55085,25812,52,0,44526
623,89182,27409,32623,411414,59363,57175,41739,28776,60110,178785,76632,68706,29413,30913,13050,53564,28956,54,8854,36501
624,84044,30615,1965,159217,125201,90430,46341,71023,84195,165139,94730,34380,31814,24394,18573,63989,25034,45,7831,57049
625,66528,30757,243929,219972,142528,93127,54281,59869,90930,177823,94176,37108,34737,0,17034,56467,16310,66,44303,64718
626,73642,25920,93618,235626,120123,109828,52969,58055,95180,178725,92406,34213,36200,22729,16650,49408,17545,65,21565,63956
627,47842,22270,86132,220048,132119,102203,47659,53700,87698,178016,87411,30615,42439,23217,15389,33692,19317,67,0,59635
628,18533,19968,76552,0,105129,104828,39221,50675,81519,176924,80454,0,54830,17376,7807,36512,12058,73,41306,59384
629,96764,16051,59014,0,40813,95347,31010,42202,71494,168399,70355,0,47200,18219,4450,36021,16967,70,5714,48484
630,46454,13405,20496,381004,40278,99550,38741,24484,51909,149866,85026,48778,46880,25163,11170,34718,19110,49,0,34418
631,53024,15102,97518,125902,103493,171448,41635,60137,69617,132912,86070,22193,56149,25229,16950,70,22073,44,4832,57491
632,48487,14148,74559,209052,131385,170006,40617,49162,80351,135885,86600,33912,81856,24852,12564,40643,15340,56,36980,61488
633,50643,13166,68957,216322,95899,165889,38961,47493,61222,131249,79708,35892,69128,26670,10298,41249,12957,80,18252,57426
634,15267,11499,58824,210743,90436,166206,32000,42069,65640,121920,71736,27527,78795,19803,9487,37592,11972,68,15638,49447
635,12624,10273,53623,0,69881,163558,0,39360,72148,121647,61764,0,98876,17543,5595,32923,7039,69,13459,46643
636,61334,8013,42600,0,27242,139615,0,31878,63696,114610,49792,0,101828,21482,3610,27401,9524,60,3519,34976
637,29336,6915,15769,346095,19777,138993,82530,18278,51092,105745,64275,0,122480,25418,3478,28896,10962,56,2524,25054
638,36895,7554,81442,122111,22279,219237,99670,47136,65368,96092,59885,58561,114144,21755,3520,36523,9312,44,13115,24728
639,45668,6561,58343,186406,27645,198802,45303,37946,72600,96180,56780,18803,151852,40012,8141,48551,6234,49,0,40920
640,48760,6396,61742,210673,60177,266838,45895,42588,70268,91934,49424,23140,176150,25159,9219,58361,6772,71,12342,37259
641,10518,5921,58449,217593,71380,254326,44891,38353,63687,88130,38283,22400,173631,22716,8362,68417,6470,64,10558,26347
642,11308,5476,53678,0,62748,243612,0,41364,63591,85575,32389,0,173258,17376,4430,67208,4089,80,9748,30156
643,34270,4362,45328,0,15725,210713,0,35889,54033,78632,27671,0,202180,22182,2274,66799,5586,43,10593,24867
644,23513,3993,16327,387527,21306,202714,126908,22662,37002,72136,34343,35997,147358,44962,6286,64460,6426,29,1684,21380
645,51235,4575,93692,0,74487,342427,63149,60753,53938,65569,37407,23149,194815,30691,6474,66297,5841,53,8939,30148
646,52025,4184,70326,372653,45783,327532,68655,49815,63867,57787,33243,21936,265163,36335,6096,74246,5008,77,8385,26336
647,31632,4194,75562,262752,61105,282976,84746,55156,61063,50284,29492,22615,218459,31689,6137,74518,6424,82,7878,21311
648,11122,3614,72459,252836,54022,383651,73054,53961,55986,49710,25401,19849,188440,35077,5615,69524,3953,82,0,16110
649,11665,3116,70524,0,47796,350176,0,54720,55226,47096,20465,0,454212,33495,2986,60049,2219,62,13765,14900
650,41045,2503,59036,0,13809,309769,0,50028,50947,43951,17426,0,209501,26440,1236,52342,3330,63,1191,11585
651,21229,2568,22626,476071,16512,362328,171669,29698,32359,40120,24404,0,264790,28803,4647,45920,3813,75,1018,9629
652,39900,2876,117382,198888,49694,400725,120682,86414,50935,36080,24614,36066,175480,54309,5076,52983,3223,39,0,14408
653,42051,2539,108959,262593,47738,621317,93943,74147,57912,35969,22345,0,267540,57148,4681,60387,3010,90,6025,13018
654,44415,2528,102394,294931,44033,407017,91206,82368,53478,34172,21354,0,353965,49166,4577,53695,2580,91,11084,11532
655,9695,2075,97657,297845,51990,381329,93093,78577,49182,33815,19126,64597,192689,46952,14416,54513,2175,75,0,9528
656,12036,1761,98104,0,39635,334708,0,75768,44593,32353,17328,0,424729,40854,1697,41460,1323,126,4860,7951
657,37712,1549,81283,0,13379,209169,0,61564,39560,30513,13081,0,166207,43230,1227,34823,1816,121,4114,5922
658,23059,1581,24533,484345,12268,353725,226411,33445,27566,28342,14933,0,131713,53063,3614,32221,1254,98,901,4699
659,38117,1778,181185,222080,41559,490707,95670,96904,20152,26015,17426,54147,249153,57556,4690,40558,1122,88,1225,7464
660,44550,1938,154118,283732,46721,395589,103078,78358,41362,26424,17161,0,140837,59704,3603,42788,1123,97,0,6376
661,31163,1685,140528,318387,37206,339396,101587,82648,49751,24918,16894,0,120000,66782,1580,39098,1345,139,4251,5808
662,12080,1660,143619,296498,34201,335479,78226,76397,47437,24882,15303,72892,161501,47988,2572,35444,1530,136,6736,0
663,5014,1421,139517,0,29334,318130,1,74616,47329,23524,13849,0,158305,46749,1445,28242,1382,103,0,0
664,38118,1270,110174,0,10637,187213,0,60612,43348,22738,11194,0,91916,50971,818,25032,2299,203,3855,9046
665,24970,1259,29807,430751,7901,347374,215398,31560,29720,20647,14364,0,263376,55738,2655,21556,2915,127,657,5875
666,39930,1233,217669,237352,29550,424528,81462,100296,44593,19235,16190,56633,111640,65523,3432,30983,2743,96,2758,3895
667,49672,1225,169087,268477,33413,320675,88946,71411,53609,19767,14993,0,85765,60239,2965,27989,2987,163,0,3840
668,73178,1335,169697,274901,31066,280187,75050,74364,51649,18925,14336,0,92355,65385,2784,25469,2487,239,5224,3332
669,13056,1260,149053,252530,26843,264097,69776,77040,49259,18796,13367,43265,86054,55097,1927,22196,2264,235,2538,2930
670,9807,1096,132114,0,17062,234301,0,71412,48809,17614,11783,0,65619,48097,802,16951,1887,404,3303,0
671,38114,913,102266,0,7210,127190,0,55009,47216,16498,9021,0,102046,40610,484,12377,1275,280,839,0
672,35223,795,32118,311638,12572,265995,143410,31329,30255,15029,12647,0,48717,55544,1974,11050,3519,275,706,0
673,56068,1086,209752,180397,26915,286243,51042,88914,45798,13742,12213,27079,54995,75797,2228,14048,4615,278,4223,8176
674,47853,1033,150972,214985,26822,224761,51533,69885,54761,14510,10314,0,58424,62608,2082,13233,4228,359,12144,2400
675,34469,1109,159035,201729,26234,205289,48666,70123,54879,14168,9354,0,90228,60481,1842,12881,3800,531,32216,2089
676,12819,1150,149007,175263,30212,185495,41984,67641,52134,14123,7120,48834,65097,49317,1993,11433,3184,507,4325,1755
677,7923,1054,141781,0,21229,164481,0,64421,52629,13386,6986,0,34140,39025,840,9908,1757,573,2767,1468
678,59551,861,107654,0,7210,90928,0,53920,49048,12832,5609,0,28307,48724,453,7178,2894,574,337,1071
679,38499,796,25538,236935,7930,210676,91352,28705,33096,11644,6893,0,51924,46267,1590,6644,3125,630,281,1196
680,67774,1088,190762,162790,22377,195370,38583,84056,50072,10730,6635,34727,22804,53017,2077,6649,2737,626,648,1455
681,60483,1007,146503,176303,26648,148417,37464,62586,57666,11577,5529,0,24623,54709,1720,5177,2356,927,749,1551
682,88576,949,137564,165368,23090,125808,33382,65617,55201,11168,5127,0,23012,46499,1428,4779,2194,981,464,833
683,20703,975,125394,0,13278,107882,0,62290,49697,11283,4425,0,73934,36580,593,4139,1994,1283,401,922
684,13983,1150,111583,0,2775,93001,0,64533,47524,10892,4086,0,23354,39177,551,3841,1015,1348,1192,602
685,67804,2183,86650,0,2541,47743,0,52253,39205,10096,3268,0,14660,32365,428,2838,1895,1302,1000,607
686,44890,1247,19810,0,8470,118445,0,18588,24580,9287,4542,0,43272,42032,0,2110,2009,1476,0,559
687,89812,2067,25490,277181,14131,111280,116422,27326,40826,8523,4217,74679,13500,50580,0,2682,1820,1727,1602,837
688,76974,2380,155783,198583,36750,90825,27321,100440,47881,9078,3668,0,13271,53901,0,3730,1607,2476,1290,0
689,61253,2451,104007,186325,18660,81010,21670,75995,47111,8731,3354,0,30574,49848,0,3036,1413,3057,1075,1326
690,25097,2527,88520,161718,8068,75414,23932,73744,42898,8843,2898,49143,11160,37209,0,2761,1096,3857,0,651
691,17363,2593,80571,0,7111,64725,0,71028,43892,8671,2654,0,10365,35052,0,2282,608,4198,1793,522
692,93873,2541,58954,0,3655,34370,0,56848,38675,8293,2277,0,8813,33709,0,1590,528,5170,357,382
693,49664,11,14062,194342,6456,80301,45159,25282,24842,7529,2604,0,8270,37480,11307,1525,1077,5218,140,317
694,112349,5399,97498,136798,22142,76761,16925,29984,40550,6998,2511,47421,48431,39909,0,1864,1307,6336,1190,576
695,88213,3303,67797,141661,20943,0,18268,88431,46254,7635,2479,0,11313,50876,0,1962,1009,8916,1464,617
696,129052,3377,60023,130104,19916,107990,14682,70034,41671,7547,2256,0,7116,41780,0,1248,969,11508,1232,412
697,29051,3688,52979,101610,14122,43262,12607,59395,36669,7590,1924,62695,6068,38172,0,2035,719,12307,958,395
698,6613,3324,49482,0,15194,37771,25,54017,25032,7267,1772,0,5109,25614,0,1596,532,15130,911,329
699,129178,3157,36726,0,6263,20084,32,41591,27030,6954,1480,0,3717,39217,11443,1291,655,17072,0,244
700,70519,2568,8763,103048,6498,51020,107,19068,19258,6122,1344,0,3123,37881,0,1311,697,0,400,168
701,161021,3205,67113,113522,21432,49038,35550,62409,30513,5374,1193,57329,2709,42324,0,1803,571,40987,0,107
702,105340,3275,48080,106631,20072,42277,18135,47643,26462,5024,1132,0,3088,58258,0,1921,252,28476,0,176
703,87261,3545,44357,96167,21682,26714,12700,48715,20712,4952,1253,0,4305,40811,0,1669,228,29984,0,250
704,18488,3805,40235,85073,19725,39552,11581,44364,21655,5448,1743,55578,3819,36035,0,1527,375,36167,0,245
705,33129,3451,37958,0,14622,40064,41,40783,39228,5407,1661,0,3345,38806,0,1719,270,0,0,218
706,176924,3207,29324,0,6006,20601,0,31225,42406,5365,1480,0,2269,40457,17646,1234,488,0,0,227
707,85326,2288,7364,84090,9709,49896,26253,17421,28353,4936,1542,49829,2175,48033,0,1156,570,128935,5972,254
708,203833,2897,56461,107568,20143,43899,10809,56199,41990,4434,1858,0,2855,57054,0,1583,460,50819,0,0
709,135549,2827,40599,97010,23398,35883,9570,42683,46398,4036,1670,0,2758,57348,0,1688,453,57132,0,0
710,148781,2841,36148,88961,21344,32409,15867,39483,41648,4029,1778,0,6499,47516,0,1428,371,65415,0,1191
711,28154,2858,32808,68999,25609,29541,6587,39029,39570,4832,1534,68234,2670,51486,0,1966,385,0,0,335
712,13177,2487,30459,0,17355,25434,0,36334,39330,4961,1407,0,1895,41698,0,1327,255,128954,0,308
713,149200,2202,22844,0,6296,13296,47,27726,35211,4887,1154,0,1594,45774,33989,1008,368,68719,0,257
714,83860,1569,5951,70315,13510,35072,23952,13776,21786,4486,1254,0,1550,67455,0,864,383,61714,6789,182
715,210740,1829,43727,86252,0,31315,8596,44901,36795,4055,1608,52112,1785,56461,0,1312,352,65802,0,247
716,135530,2364,64492,72051,0,28105,8593,30927,42068,4676,1443,0,1831,53985,0,1589,288,85082,0,327
717,107832,2259,27842,58719,0,25108,13812,30722,39570,4850,1485,0,2728,50229,0,1436,280,89420,0,318
718,14273,2323,24352,48910,60513,23442,6542,26818,37343,5020,0,0,1587,46485,0,1811,228,85730,0,250
719,7127,2226,22507,0,0,19298,54,24246,35848,4962,2281,55572,1457,38512,0,1178,159,84606,0,263
720,62512,2022,16965,0,28807,9975,0,18289,31841,4627,905,0,1319,34087,43487,764,312,79474,0,227
721,167171,1675,0,47443,12775,26313,26054,10021,18507,4091,922,0,1179,42868,0,763,268,66269,7332,174
722,228723,2124,32281,64437,32820,23938,6538,30714,32492,3704,1304,3267,1323,45792,0,1190,268,82379,0,345
723,122320,2628,22142,49141,14376,18797,6737,24145,35100,4497,1260,0,1344,46028,0,1439,293,89361,0,315
724,156986,2710,21234,0,29321,16567,0,20867,30912,4619,1310,42272,1275,39563,0,1057,217,81891,0,246
725,28145,2685,4824,41557,40633,14382,4903,21820,27692,4546,940,45919,1239,32621,0,1615,185,94796,0,224
726,16382,2828,23582,43444,24239,12654,17,18622,25656,4459,966,0,1114,26877,0,891,103,80636,0,279
727,159822,2706,16440,0,8195,6139,5,15136,20800,4118,864,0,890,25916,51778,826,175,76569,0,242
728,86633,2338,4684,0,24082,17176,17931,7846,12328,3743,908,0,1118,33976,0,1002,240,60083,13223,218
729,198599,2745,35348,61889,41377,15777,5801,24687,21804,3475,975,0,1010,35713,0,1247,232,80628,2981,340
730,131939,3712,26300,54957,40979,9898,5906,18822,22658,4097,0,33992,1047,33716,0,1812,234,88248,3050,368
731,106161,4041,25376,48502,41273,12522,402,17718,20317,4196,0,0,2208,31897,0,1535,175,76930,3378,304
732,35395,3962,25130,42693,36189,12016,23,9692,19257,4113,0,42989,1039,27521,0,2083,171,76505,0,372
733,17874,4270,25172,0,0,9835,0,22809,18258,3991,0,0,881,20127,0,1613,64,68128,6996,395
734,151569,4518,20542,0,0,5022,0,15522,15094,3707,5439,0,685,23253,46045,1239,53,62077,1881,388
735,90177,3714,6236,0,57639,6172,33621,8616,9101,3281,0,0,806,27503,0,1024,59,53010,1035,342
736,184888,5233,11837,46213,71045,13320,10237,28547,17021,3194,0,33293,960,33223,0,1502,139,82990,5110,518
737,130031,7240,53989,84655,49614,12146,14474,22925,18407,3595,0,0,913,32433,0,2127,188,80070,5245,520
738,138812,7584,40151,77636,45073,9304,10615,23534,16788,3713,0,0,802,29548,0,2429,202,72846,0,556
739,17794,8329,94,77878,56491,8428,9605,22012,15584,3605,0,42456,961,26085,0,2991,153,68293,12194,627
740,18150,8582,0,0,27796,7382,0,22458,15338,3572,0,0,1563,16393,0,0,56,79616,6396,574
741,96043,8084,0,0,11728,3828,2,19310,13441,3341,0,0,568,20880,0,0,160,50567,2582,551
742,111186,6594,44,70715,40173,9768,28263,10668,7942,2955,0,0,617,25763,0,6202,192,45100,0,591
743,185360,8822,176779,105840,44441,9423,12028,39844,15314,2749,7556,36133,856,30960,36835,2874,162,66138,9894,930
744,138707,12213,52108,92344,70290,7978,26659,32809,16544,2683,0,0,866,32325,0,3914,179,68931,9452,1242
745,117207,12847,53081,89142,0,7186,13076,37068,15544,3262,0,0,774,29765,0,4166,146,63133,9406,1173
746,41115,13216,50625,28118,0,6838,12526,36170,14697,3323,0,48272,1483,24843,0,4499,156,55222,0,1220
747,22462,12899,0,0,0,6071,1,34971,14837,3319,0,0,699,22598,0,0,74,53666,0,1264
748,159935,12781,0,0,0,3538,0,34255,13141,3049,0,0,533,24418,28039,0,160,50623,23109,1167
749,97810,9923,101981,87207,142696,9283,37122,16905,7795,2636,0,0,521,29256,0,10252,231,35619,2132,1180
750,189893,12249,95694,123097,64362,8968,16430,63264,15394,2474,0,50235,748,32895,0,4832,187,56366,13752,1678
751,167753,13313,78123,119232,71906,7442,33406,54873,17278,3024,0,0,946,32034,0,5183,265,52218,0,1985
752,156838,17336,79852,119360,72049,7210,18565,57432,16657,3134,0,0,740,25882,0,5507,256,48320,15364,1907
753,20579,15940,79310,108190,60384,6780,16473,56410,15978,3114,0,68186,1639,33149,0,5166,232,45736,16133,2069
754,8659,11739,0,0,0,6246,374,56873,16573,3037,0,0,657,21437,0,416,136,40368,33646,1831
755,76457,17073,0,0,0,3429,0,49325,14247,2966,0,0,557,25997,25680,0,297,39642,5883,1726
756,141416,11793,164862,90136,107150,9871,47348,25019,9554,2642,10954,0,637,31420,0,12879,352,28576,3343,1445
757,200404,14506,148037,142329,76638,10437,21412,84161,19378,2513,0,52218,769,24137,0,5831,443,44417,20959,2167
758,139061,18819,124872,133950,0,9585,40104,95455,23324,2998,26635,0,777,49061,0,6531,441,42025,0,2149
759,137707,17070,133346,132671,151064,9516,23235,84234,23386,3075,0,0,839,33746,0,6512,529,38920,47685,2248
760,29301,17092,125066,113099,76045,10695,22456,86900,23125,3110,0,84146,927,30236,0,6076,463,35766,24087,2049
761,24768,16103,0,0,37784,10059,0,85943,24900,3255,0,0,730,30215,0,0,251,34807,0,1794
762,200875,16135,0,0,18575,6253,2,72917,23286,3053,0,0,512,29723,27154,0,717,32672,30911,1614
763,148201,13086,243366,101035,45501,18133,20,36885,16785,2824,57113,0,685,36552,0,14043,1007,23115,4235,1434
764,204317,16159,207642,147489,74591,19362,1012,133015,36233,2652,0,71818,989,43403,0,6726,1084,35984,27973,2577
765,175452,18930,154816,130728,77166,18503,143888,110017,45794,3122,0,0,914,43130,0,6547,1271,34561,31116,2743
766,153193,18815,161265,135402,72050,19310,163,108386,47967,3324,0,0,913,41743,0,7333,1775,31433,32295,2881
767,39452,18840,141198,117732,71114,20263,1608,101863,49968,3417,0,83613,802,33912,0,7158,2013,30446,0,2472
768,29836,18257,0,0,43657,20410,1,98901,54984,3504,0,0,1406,34730,0,0,894,28122,64764,2705
769,164847,16678,0,0,21963,12693,0,81563,54085,3364,0,0,465,28530,31845,0,2375,27839,9342,2576
770,117197,13615,251451,99414,44043,37323,20,83761,37155,3061,0,0,568,44724,0,15413,1453,19128,5986,1681
771,216403,16906,183633,154729,64048,40248,372,144058,75994,2966,0,59226,873,44415,0,7533,3588,31273,36334,3361
772,175760,20139,127891,127611,72224,39169,192424,111591,94480,3895,117095,0,1003,47095,0,6838,5000,29861,37346,3822
773,131404,20038,0,152149,65379,38864,87,108632,97777,4197,0,0,932,38769,0,7068,5234,27639,34885,3584
774,26601,20044,164,109694,107959,41273,1753,97936,103312,4401,0,57635,956,42723,0,6855,4772,25271,34567,3331
775,23491,20528,0,0,40149,40342,0,91384,110647,4643,0,0,705,38914,0,0,2704,25266,31173,4329
776,189859,16935,0,0,10852,26299,0,68996,105572,4607,0,0,745,37787,39656,0,5751,24322,8861,3540
777,132095,15528,357813,123046,38697,73537,39,32051,76150,4469,0,0,840,51973,0,13182,5687,17989,0,3393
778,239777,18616,135827,160691,57999,76378,0,121103,66692,4137,0,41683,1097,48902,0,5062,5377,27127,39881,5085
779,177377,23050,90310,140999,56480,71109,138789,86801,152521,5631,226532,0,1162,54989,0,4674,7093,27172,34661,5653
780,159235,22337,80869,136624,51433,68579,40,81535,186234,6314,0,0,1292,51827,0,4494,7915,25151,33660,5410
781,16227,21411,74738,107819,49799,68521,1169,71667,195090,6586,0,72704,1142,46310,0,4629,7851,24062,32175,4834
782,13221,20279,0,0,0,65433,8,69174,200932,6874,0,0,1072,38046,0,0,6921,22568,28539,4943
783,169811,16866,0,0,35830,35883,0,51875,176492,7444,0,0,748,32789,41735,0,8831,21726,6917,4071
784,90935,14830,129929,92011,30609,99268,0,24117,126500,6482,0,0,896,49626,0,10292,9775,17124,4231,4048
785,200399,18313,89556,145472,37914,100182,205,88651,196402,6104,0,0,1460,49460,0,4478,11035,25048,0,6483
786,187323,20557,58948,121780,44514,88296,92461,64400,209600,8954,0,0,2676,47075,0,4273,10526,25661,58413,6438
787,106118,20409,51651,104126,44592,85275,0,60826,233103,11407,0,0,1699,44170,0,3684,9456,23949,0,6353
788,15141,20408,45774,84798,41713,81944,462,54417,221298,11291,365424,23351,1805,50042,0,3232,7849,23271,24893,5831
789,12737,19673,0,0,22889,73589,9,50297,222230,12119,0,0,1670,31846,0,0,4505,21486,0,5398
790,155193,16464,0,0,20313,44689,0,37252,197772,12341,0,0,1478,27510,52745,0,9727,21063,0,4205
791,99759,13734,80062,66866,22064,111700,36,19520,139628,10673,0,0,1377,37443,0,7327,9699,16576,49302,3696
792,196479,17135,56058,102698,34464,119866,329,65099,210916,9405,0,19417,2017,43942,0,3523,9350,23533,21831,5827
793,162977,19893,39475,87681,33633,107849,65034,45956,249708,14484,0,0,2096,37214,0,3048,8540,23892,20210,6167
794,96654,20551,33491,74645,40433,112857,379,42959,238701,16930,0,0,404846,32546,0,2438,7415,22942,18556,6527
795,83816,19406,30757,59506,29976,110610,328,38215,233692,18315,0,20188,2075,28479,0,2470,5455,21841,0,5929
796,9821,18715,0,0,16703,105507,9,34997,227480,19695,406322,0,154094,22616,0,0,3460,19850,32434,5455
797,122697,0,0,0,7198,55292,0,26656,206421,20026,0,0,1381,18010,42227,0,5477,22042,3290,4279
798,91777,28941,55275,49617,17409,149819,0,11975,137781,17578,0,0,1705,28604,0,4996,3379,15407,2500,4425
799,136873,16047,39383,78698,30220,151734,0,43078,212466,16048,0,14373,2340,25024,0,2188,2343,23635,15738,6276
800,149128,16299,27288,72737,0,137196,52558,31699,250288,23549,0,0,2010,19917,0,2375,5635,23773,0,5926
801,77549,16561,24331,59888,58579,128671,7,28423,240109,25539,0,0,6775,30527,0,1762,7396,22874,0,5532
802,11216,15815,22748,49839,23552,124515,253,26689,168718,27494,0,13582,2192,18679,0,1880,6404,21951,0,6091
803,9875,14092,0,0,0,119603,0,24785,183642,28209,0,0,1815,16113,0,0,3315,21265,49960,5104
804,128949,14917,0,0,0,62078,0,19455,178341,28553,0,0,1429,15543,31198,0,6279,21074,1968,4442
805,99286,9330,204,45856,30109,84128,0,9893,138475,24881,232253,0,1695,18249,0,4104,7348,15782,1367,3588
806,151689,8545,49149,63745,23040,180652,139,8941,166129,23489,143778,12162,2983,20829,0,1925,5972,23132,10752,5869
807,139661,12608,35936,67390,21927,178480,40510,36261,231361,32762,0,0,2814,21014,0,1872,4824,24816,9898,5253
808,120720,15754,23605,58685,22167,138741,15,27291,255485,35315,0,0,3295,17086,0,339,4527,23400,0,4039
809,11873,13272,20269,46724,18863,129350,0,24689,260999,37031,0,8463,2983,14995,0,2460,3690,22795,0,5163
810,8523,11539,0,0,0,110944,0,24392,253192,39418,0,0,2704,9150,0,0,1835,22130,0,4922
811,106117,9531,0,0,0,59046,0,19470,226148,39052,0,0,1561,10430,24659,0,3245,22380,0,3949
812,75514,8586,38737,36344,20627,150098,256,10417,140920,32469,0,0,2197,11639,0,3122,4088,16903,0,3300
813,154220,10649,29408,60411,0,139165,8,35357,208451,30427,0,9020,3252,15025,0,1376,3226,26343,36675,4858
814,130817,10725,21425,52939,44736,113281,629,25388,243490,39689,0,0,3591,11626,0,1438,2668,28531,7981,5428
815,64639,10256,19893,49201,21039,101064,32088,23435,220847,43357,0,0,3346,16197,0,1200,2378,27227,7281,5214
816,11488,9520,18116,37343,18270,95538,157,21995,192343,45792,0,9192,3195,11177,0,1154,2019,26718,0,4549
817,7482,9436,0,0,0,85295,6,21802,180060,46402,0,0,2197,9255,0,0,976,25853,0,4170
818,33675,7591,0,0,0,43142,0,17647,157756,46133,0,0,1705,8688,19834,0,1693,26735,12920,3228
819,112447,0,35749,33228,28296,115519,32,8347,95829,38883,0,0,2409,12181,0,2867,1966,20424,0,2871
820,123971,0,27686,54504,16806,103919,179,31087,152582,36479,0,9554,3241,12538,0,1286,1871,31440,0,5070
821,107224,20616,19564,49303,15842,81499,29171,21814,169508,45784,0,0,2727,11506,0,1335,1462,34580,0,4563
822,100760,6168,18671,39396,0,89528,20,20498,149836,49016,0,0,2680,9566,0,2365,1364,34077,17514,4094
823,10160,7219,16399,33930,26292,79623,45,19158,130182,50279,80020,9489,1548,9147,0,0,1067,33777,4347,3616
824,9044,6809,0,0,0,72144,0,17660,123112,50922,0,0,1596,5935,0,1141,532,32758,0,3260
825,69388,5910,0,0,0,37548,0,13196,107819,47263,45882,0,1391,6158,11636,884,1163,34340,4810,2764
826,79673,4417,31950,29345,21394,99737,14,6608,67962,41040,0,0,2161,10314,0,867,1095,24078,0,2340
827,103201,2799,26938,49709,0,85484,42,24848,112141,38023,0,6345,3699,11799,0,1464,1090,36666,5039,3607
828,83637,8975,20165,46495,0,72599,652,17570,129782,47354,0,358,3878,8268,0,121,945,41249,0,3513
829,56236,6093,19866,42057,0,69389,32751,17317,112345,49884,0,0,3191,7922,0,0,864,35053,0,3138
830,8571,5554,19087,35995,39200,42724,16,15542,99439,51420,0,8925,3649,538,0,4025,700,34200,0,2804
831,5491,5076,0,0,0,28214,106,15137,92699,52708,0,0,2498,3082,0,0,344,35801,10049,2609
832,55691,5221,0,0,0,36938,3,11901,81490,52155,32191,0,1643,4393,7902,0,696,32105,3220,1939
833,69262,1783,40540,30166,17218,57309,279,7251,52836,45911,22441,0,2013,1801,0,0,877,25555,0,1848
834,98364,7694,45952,54930,10420,0,6,23158,87568,43542,0,6469,3301,1871,0,4301,618,46995,588,2896
835,81070,6422,29623,51299,14525,165336,179,18849,100229,51236,0,0,3107,0,0,30,646,49660,0,2799
836,83284,6298,33281,46514,9931,51832,31012,17973,85884,55427,0,0,2965,27761,0,24,624,45405,0,2651
837,9758,5747,28686,38749,0,43400,294,17362,75956,58393,0,10760,3080,6680,0,4308,644,41607,0,2358
838,6745,5664,0,0,0,34764,18,17150,70951,57759,0,0,2479,1129,0,0,303,39572,9828,2079
839,45552,4858,0,0,0,19407,20,12081,64046,56148,0,0,1891,1168,6175,0,289,39511,0,1683
840,61049,4043,61518,36614,23330,47864,11,8257,38037,49037,0,0,1778,1628,0,0,726,28422,0,1620
841,86545,1922,51848,60237,0,41231,45,28385,31721,46072,0,8320,3177,1568,0,4500,992,44679,3439,2518
842,84536,8031,38303,56715,0,32972,582,21188,69813,52633,0,0,2287,1492,0,29,811,46834,2802,2384
843,33565,5383,38464,56978,24628,29081,36749,22523,77373,52959,0,0,1928,35473,0,0,504,42421,0,2162
844,8045,4912,37524,50800,7772,29315,319,21083,63838,52938,0,10306,2545,2017,0,5382,421,39975,4147,1904
845,5884,4777,0,0,0,25792,860,22360,39213,50741,21411,0,1176,0,0,0,397,38324,1595,1724
846,41490,4129,0,0,0,14168,0,18794,46762,46223,0,0,961,2404,4482,0,416,38958,0,1411
847,55359,3230,76878,46964,13861,39367,0,10006,43531,39868,0,0,1432,1762,0,4,308,28743,287,1344
848,71377,3615,75225,89282,0,36126,11,44875,43710,36356,0,8761,1588,1630,0,6877,309,45784,0,1976
849,60964,4272,51907,95811,15902,30846,402,36795,49979,39730,0,0,1587,1652,0,33,262,48543,0,1915
850,58336,3947,51366,78863,0,28466,50900,37521,42173,38389,0,0,978,29183,0,0,352,44820,5778,2003
851,7841,3805,48261,96367,18334,26913,10,34475,36646,36875,0,10721,1470,1231,0,8525,328,43459,1397,1857
852,5640,3375,0,0,0,23597,135,33068,35598,32875,0,0,672,978,0,0,538,43022,1121,1639
853,23073,3011,0,0,0,12150,0,28906,29312,29776,0,0,490,1108,2935,0,400,43286,0,1322
854,60845,1968,92739,0,12005,16423,1,13316,15167,23939,0,0,796,1456,0,2,435,33409,635,1134
855,64701,2426,89189,73856,0,34710,127,60272,39723,21503,0,8114,1020,1532,0,10488,380,49525,0,2031
856,63621,2571,66691,133532,14488,28603,635,45223,41358,23599,0,0,1195,1443,0,1218,290,54874,0,1542
857,27074,1997,65537,132494,8216,22259,62421,44849,33440,22864,0,0,1130,28995,0,0,165,46423,0,1831
858,6087,2797,61164,174112,0,19379,630,44665,29443,22057,0,10843,702,516,0,11603,166,50725,4731,1501
859,6816,2756,0,0,0,17654,0,43716,26785,20376,0,0,682,819,0,0,335,44325,0,1325
860,38952,2424,0,0,0,8981,0,34443,22796,18674,22729,0,371,1039,2239,0,323,44549,1568,999
861,43664,1957,109269,122265,16956,15476,0,15089,13038,15501,23116,0,1045,1292,0,0,724,32072,0,1195
862,60699,0,94784,172536,7350,30503,147,65917,13123,13817,0,0,1226,1319,0,12076,408,41408,1261,2077
863,57430,5084,67948,136748,0,26928,291,47754,45505,15499,0,0,1196,1237,0,45,357,52358,1198,2028
864,46126,2678,64252,145213,8326,23562,63546,45705,45690,15374,0,0,1070,26846,0,0,285,53374,1163,1830
865,5488,2430,61349,114198,6597,22757,402,40576,36605,14579,0,20652,590,871,0,11040,155,48220,0,1786
